0,0,0
0.1,0,0
0.2,0,0
0.3,0,0
0.4,0,0
0.5,0,0
0.6,0,0
0.7,0,0
0.8,0,0
0.9,0,0
1,0,0
1.1,0,0
1.2,0,0
1.3,0,0
1.4,0,0
1.5,0,0
1.6,0,0
1.7,0,0
1.8,0,0
1.9,0,0
2,0,0
2.1,0,0
2.2,0,0
2.3,0,0
2.4,0,0
2.5,0,0
2.6,0,0
2.7,0,0
2.8,0,0
2.9,0,0
3,0,0
3.1,0,0
3.2,0,0
3.3,0,0
3.4,0,0
3.5,0,0
3.6,0,0
3.7,0,0
3.8,0,0
3.9,0,0
4,0,0
4.1,0,0
4.2,0,0
4.3,0,0
4.4,0,0
4.5,0,0
4.6,0,0
4.7,0,0
4.8,0,0
4.9,0,0
5,0,0
5.1,0,0
5.2,0,0
5.3,0,0
5.4,0,0
5.5,0,0
5.6,0,0
5.7,0,0
5.8,0,0
5.9,0,0
6,0,0
6.1,0,0
6.2,0,0
6.3,0,0
6.4,0,0
6.5,0,0
6.6,0,0
6.7,0,0
6.8,0,0
6.9,0,0
7,0,0
7.1,0,0
7.2,0,0
7.3,0,0
7.4,0,0
7.5,0,0
7.6,0,0
7.7,0,0
7.8,0,0
7.9,0,0
8,0,0
8.1,0,0
8.2,0,0
8.3,0,0
8.4,0,0
8.5,0,0
8.6,0,0
8.7,0,0
8.8,0,0
8.9,0,0
9,0,0
9.1,0,0
9.2,0,0
9.3,0,0
9.4,0,0
9.5,0,0
9.6,0,0
9.7,0,0
9.8,0,0
9.9,0,0
10,0,0
10.1,0,0
10.2,0,0
10.3,0,0
10.4,0,0
10.5,0,0
10.6,0,0
10.7,0,0
10.8,0,0
10.9,0,0
11,0,0
11.1,0,0
11.2,0,0
11.3,0,0
11.4,0,0
11.5,0,0
11.6,0,0
11.7,0,0
11.8,0,0
11.9,0,0
12,0,0
12.1,0,0
12.2,0,0
12.3,0,0
12.4,0,0
12.5,0,0
12.6,0,0
12.7,0,0
12.8,0,0
12.9,0,0
13,0,0
13.1,0,0
13.2,0,0
13.3,0,0
13.4,0,0
13.5,0,0
13.6,0,0
13.7,0,0
13.8,0,0
13.9,0,0
14,0,0
14.1,0,0
14.2,0,0
14.3,0,0
14.4,0,0
14.5,0,0
14.6,0,0
14.7,0,0
14.8,0,0
14.9,0,0
15,0,0
15.1,0,0
15.2,0,0
15.3,0,0
15.4,0,0
15.5,0,0
15.6,0,0
15.7,0,0
15.8,0,0
15.9,0,0
16,0,0
16.1,0,0
16.2,0,0
16.3,0,0
16.4,0,0
16.5,0,0
16.6,0,0
16.7,0,0
16.8,0,0
16.9,0,0
17,0,0
17.1,0,0
17.2,0,0
17.3,0,0
17.4,0,0
17.5,0,0
17.6,0,0
17.7,0,0
17.8,0,0
17.9,0,0
18,0,0
18.1,0,0
18.2,0,0
18.3,0,0
18.4,0,0
18.5,0,0
18.6,0,0
18.7,0,0
18.8,0,0
18.9,0,0
19,0,0
19.1,0,0
19.2,0,0
19.3,0,0
19.4,0,0
19.5,0,0
19.6,0,0
19.7,0,0
19.8,0,0
19.9,0,0
20,0,0
20.1,0,0
20.2,0,0
20.3,0,0
20.4,0,0
20.5,0,0
20.6,0,0
20.7,0,0
20.8,0,0
20.9,0,0
21,0,0
21.1,0,0
21.2,0,0
21.3,0,0
21.4,0,0
21.5,0,0
21.6,0,0
21.7,0,0
21.8,0,0
21.9,0,0
22,0,0
22.1,0,0
22.2,0,0
22.3,0,0
22.4,0,0
22.5,0,0
22.6,0,0
22.7,0,0
22.8,0,0
22.9,0,0
23,0,0
23.1,0,0
23.2,0,0
23.3,0,0
23.4,0,0
23.5,0,0
23.6,0,0
23.7,0,0
23.8,0,0
23.9,0,0
24,0,0
24.1,0,0
24.2,0,0
24.3,0,0
24.4,0,0
24.5,0,0
24.6,0,0
24.7,0,0
24.8,0,0
24.9,0,0
25,0,0
25.1,0,0
25.2,0,0
25.3,0,0
25.4,0,0
25.5,0,0
25.6,0,0
25.7,0,0
25.8,0,0
25.9,0,0
26,0,0
26.1,0,0
26.2,0,0
26.3,0,0
26.4,0,0
26.5,0,0
26.6,0,0
26.7,0,0
26.8,0,0
26.9,0,0
27,0,0
27.1,0,0
27.2,0,0
27.3,0,0
27.4,0,0
27.5,0,0
27.6,0,0
27.7,0,0
27.8,0,0
27.9,0,0
28,0,0
28.1,0,0
28.2,0,0
28.3,0,0
28.4,0,0
28.5,0,0
28.6,0,0
28.7,0,0
28.8,0,0
28.9,0,0
29,0,0
29.1,0,0
29.2,0,0
29.3,0,0
29.4,0,0
29.5,0,0
29.6,0,0
29.7,0,0
29.8,0,0
29.9,0,0
30,0,0
30.1,0,0
30.2,0,0
30.3,0,0
30.4,0,0
30.5,0,0
30.6,0,0
30.7,0,0
30.8,0,0
30.9,0,0
31,0,0
31.1,0,0
31.2,0,0
31.3,0,0
31.4,0,0
31.5,0,0
31.6,0,0
31.7,0,0
31.8,0,0
31.9,0,0
32,0,0
32.1,0,0
32.2,0,0
32.3,0,0
32.4,0,0
32.5,0,0
32.6,0,0
32.7,0,0
32.8,0,0
32.9,0,0
33,0,0
33.1,0,0
33.2,0,0
33.3,0,0
33.4,0,0
33.5,0,0
33.6,0,0
33.7,0,0
33.8,0,0
33.9,0,0
34,0,0
34.1,0,0
34.2,0,0
34.3,0,0
34.4,0,0
34.5,0,0
34.6,0,0
34.7,0,0
34.8,0,0
34.9,0,0
35,0,0
35.1,0,0
35.2,0,0
35.3,0,0
35.4,0,0
35.5,0,0
35.6,0,0
35.7,0,0
35.8,0,0
35.9,0,0
36,0,0
36.1,0,0
36.2,0,0
36.3,0,0
36.4,0,0
36.5,0,0
36.6,0,0
36.7,0,0
36.8,0,0
36.9,0,0
37,0,0
37.1,0,0
37.2,0,0
37.3,0,0
37.4,0,0
37.5,0,0
37.6,0,0
37.7,0,0
37.8,0,0
37.9,0,0
38,0,0
38.1,0,0
38.2,0,0
38.3,0,0
38.4,0,0
38.5,0,0
38.6,0,0
38.7,0,0
38.8,0,0
38.9,0,0
39,0,0
39.1,0,0
39.2,0,0
39.3,0,0
39.4,0,0
39.5,0,0
39.6,0,0
39.7,0,0
39.8,0,0
39.9,0,0
40,0,0
40.1,0,0
40.2,0,0
40.3,0,0
40.4,0,0
40.5,0,0
40.6,0,0
40.7,0,0
40.8,0,0
40.9,0,0
41,0,0
41.1,0,0
41.2,0,0
41.3,0,0
41.4,0,0
41.5,0,0
41.6,0,0
41.7,0,0
41.8,0,0
41.9,0,0
42,0,0
42.1,0,0
42.2,0,0
42.3,0,0
42.4,0,0
42.5,0,0
42.6,0,0
42.7,0,0
42.8,0,0
42.9,0,0
43,0,0
43.1,0,0
43.2,0,0
43.3,0,0
43.4,0,0
43.5,0,0
43.6,0,0
43.7,0,0
43.8,0,0
43.9,0,0
44,0,0
44.1,0,0
44.2,0,0
44.3,0,0
44.4,0,0
44.5,0,0
44.6,0,0
44.7,0,0
44.8,0,0
44.9,0,0
45,0,0
45.1,0,0
45.2,0,0
45.3,0,0
45.4,0,0
45.5,0,0
45.6,0,0
45.7,0,0
45.8,0,0
45.9,0,0
46,0,0
46.1,0,0
46.2,0,0
46.3,0,0
46.4,0,0
46.5,0,0
46.6,0,0
46.7,0,0
46.8,0,0
46.9,0,0
47,0,0
47.1,0,0
47.2,0,0
47.3,0,0
47.4,0,0
47.5,0,0
47.6,0,0
47.7,0,0
47.8,0,0
47.9,0,0
48,0,0
48.1,0,0
48.2,0,0
48.3,0,0
48.4,0,0
48.5,0,0
48.6,0,0
48.7,0,0
48.8,0,0
48.9,0,0
49,0,0
49.1,0,0
49.2,0,0
49.3,0,0
49.4,0,0
49.5,0,0
49.6,0,0
49.7,0,0
49.8,0,0
49.9,0,0
50,255,-5.82
50.1,255,-15.32
50.2,255,-26.79
50.3,255,-38.69
50.4,255,-50.01
50.5,255,-63.72
50.6,255,-77.14
50.7,255,-92.69
50.8,255,-106.05
50.9,255,-118.28
51,255,-127.74
51.1,255,-138.77
51.2,255,-150.67
51.3,255,-161.03
51.4,255,-172.43
51.5,255,-3.11
51.6,255,-13.78
51.7,255,-22.52
51.8,255,-32.01
51.9,255,-41.41
52,255,-51.81
52.1,255,-60.85
52.2,255,-70.53
52.3,255,-80.05
52.4,255,-88.6
52.5,255,-97.62
52.6,255,-104.76
52.7,255,-112.15
52.8,255,-118.97
52.9,255,-127.12
53,255,-134.7
53.1,255,-143.66
53.2,255,-153.64
53.3,255,-161.2
53.4,255,-168.42
53.5,255,-174.63
53.6,255,-2.75
53.7,255,-11.22
53.8,255,-19.52
53.9,255,-25.96
54,255,-33.34
54.1,255,-40.84
54.2,255,-47.51
54.3,255,-55.99
54.4,255,-63.17
54.5,255,-71.21
54.6,255,-78.94
54.7,255,-87.63
54.8,255,-95.52
54.9,255,-104.26
55,255,-111.18
55.1,255,-118.06
55.2,255,-121.45
55.3,255,-123.54
55.4,255,-123.85
55.5,255,-126.91
55.6,255,-133.38
55.7,255,-140.85
55.8,255,-151.08
55.9,255,-159.97
56,255,-168.56
56.1,255,-175.39
56.2,255,-4.01
56.3,255,-13.55
56.4,255,-23.44
56.5,255,-34.02
56.6,255,-42.83
56.7,255,-51.62
56.8,255,-59.39
56.9,255,-67.74
57,255,-76.56
57.1,255,-83.81
57.2,255,-91.88
57.3,255,-100.16
57.4,255,-107.77
57.5,255,-115.76
57.6,255,-122.96
57.7,255,-128.19
57.8,255,-131.77
57.9,255,-133.88
58,255,-138.98
58.1,255,-145.07
58.2,255,-153.94
58.3,255,-163.97
58.4,255,-173.4
58.5,255,-3.41
58.6,255,-12.11
58.7,255,-21.07
58.8,255,-28.21
58.9,255,-35.39
59,255,-42.27
59.1,255,-51.16
59.2,255,-58.96
59.3,255,-67.77
59.4,255,-76.11
59.5,255,-86.59
59.6,255,-95.37
59.7,255,-102.37
59.8,255,-109.74
59.9,255,-117.04
60,255,-125.24
60.1,255,-132.06
60.2,255,-138.5
60.3,255,-144.36
60.4,255,-151.78
60.5,255,-158.64
60.6,255,-166.44
60.7,255,-174.02
60.8,255,-3.96
60.9,255,-13.76
61,255,-23.75
61.1,255,-34.76
61.2,255,-44.42
61.3,255,-54.22
61.4,255,-61.49
61.5,255,-67.86
61.6,255,-75.27
61.7,255,-83.17
61.8,255,-92.05
61.9,255,-101.87
62,255,-110.25
62.1,255,-118.54
62.2,255,-125.06
62.3,255,-129.69
62.4,255,-133.66
62.5,255,-136.78
62.6,255,-140.66
62.7,255,-144.99
62.8,255,-151.04
62.9,255,-157.58
63,255,-164.34
63.1,255,-172.64
63.2,255,-0.36
63.3,255,-7.68
63.4,255,-13.79
63.5,255,-20.32
63.6,255,-27.7
63.7,255,-36.83
63.8,255,-44.42
63.9,255,-52.48
64,255,-59.15
64.1,255,-66.05
64.2,255,-70.35
64.3,255,-74.64
64.4,255,-80.37
64.5,255,-86.02
64.6,255,-93.17
64.7,255,-100.23
64.8,255,-107.64
64.9,255,-113.32
65,255,-118.91
65.1,255,-123.78
65.2,255,-127.83
65.3,255,-132.06
65.4,255,-135.44
65.5,255,-139.89
65.6,255,-144.09
65.7,255,-149.62
65.8,255,-154.17
65.9,255,-158.63
66,255,-161.89
66.1,255,-165.25
66.2,255,-168.84
66.3,255,-173.94
66.4,255,-179.72
66.5,255,-5.66
66.6,255,-11.93
66.7,255,-17.75
66.8,255,-24.71
66.9,255,-30.07
67,255,-36.08
67.1,255,-41.13
67.2,255,-44.73
67.3,255,-47.93
67.4,255,-51.78
67.5,255,-55.78
67.6,255,-59.94
67.7,255,-64.87
67.8,255,-69.25
67.9,255,-74.14
68,255,-78.07
68.1,255,-83.04
68.2,255,-88.08
68.3,255,-94.83
68.4,255,-102.27
68.5,255,-108.8
68.6,255,-115.84
68.7,255,-122.14
68.8,255,-128.02
68.9,255,-131.45
69,255,-134.2
69.1,255,-137.01
69.2,255,-140.83
69.3,255,-143.82
69.4,255,-146.92
69.5,255,-150.91
69.6,255,-156.5
69.7,255,-162.33
69.8,255,-167.14
69.9,255,-172
70,255,-175.81
70.1,255,-1.3
70.2,255,-5.74
70.3,255,-11.54
70.4,255,-18.12
70.5,255,-25.8
70.6,255,-35
70.7,255,-44.46
70.8,255,-53.51
70.9,255,-59.22
71,255,-64.45
71.1,255,-69.64
71.2,255,-76.97
71.3,255,-82.91
71.4,255,-90.12
71.5,255,-97.34
71.6,255,-104.77
71.7,255,-112.45
71.8,255,-119.11
71.9,255,-125.42
72,255,-130.43
72.1,255,-135.78
72.2,255,-140.06
72.3,255,-145.8
72.4,255,-150.73
72.5,255,-156.17
72.6,255,-159.41
72.7,255,-162.07
72.8,255,-163.81
72.9,255,-167.26
73,255,-171.5
73.1,255,-175.84
73.2,255,-2.47
73.3,255,-9.86
73.4,255,-18.66
73.5,255,-27.27
73.6,255,-36.05
73.7,255,-41.83
73.8,255,-47.09
73.9,255,-51.6
74,255,-57.29
74.1,255,-62.26
74.2,255,-68.21
74.3,255,-73.94
74.4,255,-78.67
74.5,255,-82.57
74.6,255,-86.89
74.7,255,-92.84
74.8,255,-98.56
74.9,255,-105
75,255,-111.01
75.1,255,-118.56
75.2,255,-124.92
75.3,255,-130.69
75.4,255,-135.28
75.5,255,-140.11
75.6,255,-144.53
75.7,255,-147.62
75.8,255,-150.93
75.9,255,-155.78
76,255,-161.78
76.1,255,-167.8
76.2,255,-173.68
76.3,255,-179.09
76.4,255,-5.04
76.5,255,-10.49
76.6,255,-16.81
76.7,255,-23.09
76.8,255,-28.92
76.9,255,-37.16
77,255,-44.94
77.1,255,-53.2
77.2,255,-59.78
77.3,255,-66.14
77.4,255,-72.36
77.5,255,-79.94
77.6,255,-86.09
77.7,255,-91.44
77.8,255,-97.69
77.9,255,-104.07
78,255,-111.91
78.1,255,-117.96
78.2,255,-124.46
78.3,255,-130.53
78.4,255,-136.67
78.5,255,-143.05
78.6,255,-148.4
78.7,255,-154.46
78.8,255,-159.87
78.9,255,-166.59
79,255,-173.3
79.1,255,-0.63
79.2,255,-7.79
79.3,255,-17.41
79.4,255,-25.07
79.5,255,-32.93
79.6,255,-38.05
79.7,255,-44.1
79.8,255,-51.54
79.9,255,-59.37
80,255,-66.24
80.1,255,-72.69
80.2,255,-79.14
80.3,255,-85.12
80.4,255,-91.89
80.5,255,-96.41
80.6,255,-101.72
80.7,255,-108.44
80.8,255,-116.6
80.9,255,-123.81
81,255,-130.53
81.1,255,-136.15
81.2,255,-142.21
81.3,255,-147.9
81.4,255,-153.28
81.5,255,-158.94
81.6,255,-163.86
81.7,255,-171.41
81.8,255,-178.31
81.9,255,-4.82
82,255,-10.35
82.1,255,-16.8
82.2,255,-22.65
82.3,255,-28.35
82.4,255,-35.51
82.5,255,-42.55
82.6,255,-50.82
82.7,255,-58.68
82.8,255,-66.79
82.9,255,-72.96
83,255,-79.43
83.1,255,-86.53
83.2,255,-92.97
83.3,255,-99.47
83.4,255,-104.18
83.5,255,-111.44
83.6,255,-118.81
83.7,255,-125.94
83.8,255,-131.43
83.9,255,-137.99
84,255,-144.3
84.1,255,-149.86
84.2,255,-154.82
84.3,255,-158.59
84.4,255,-164.54
84.5,255,-170.31
84.6,255,-177.85
84.7,255,-3.29
84.8,255,-8.61
84.9,255,-13.07
85,255,-17.86
85.1,255,-23.11
85.2,255,-27.63
85.3,255,-34.11
85.4,255,-41.85
85.5,255,-51.24
85.6,255,-60.07
85.7,255,-68.38
85.8,255,-74.37
85.9,255,-79.87
86,255,-85.84
86.1,255,-92.69
86.2,255,-100.02
86.3,255,-104.59
86.4,255,-109.66
86.5,255,-117.08
86.6,255,-125.65
86.7,255,-130.56
86.8,255,-134.81
86.9,255,-141.42
87,255,-149.81
87.1,255,-155.79
87.2,255,-160.3
87.3,255,-164.3
87.4,255,-170.19
87.5,255,-177.69
87.6,255,-6.12
87.7,255,-13.52
87.8,255,-20.55
87.9,255,-28.31
88,255,-34.79
88.1,255,-41.4
88.2,255,-47.64
88.3,255,-56.32
88.4,255,-65.06
88.5,255,-74.32
88.6,255,-81.19
88.7,255,-86.39
88.8,255,-91.46
88.9,255,-97.98
89,255,-105.39
89.1,255,-110.8
89.2,255,-117.24
89.3,255,-124.78
89.4,255,-134.63
89.5,255,-141.68
89.6,255,-148.18
89.7,255,-153.19
89.8,255,-158.54
89.9,255,-163.08
90,255,-165.73
90.1,255,-167.01
90.2,255,-170.07
90.3,255,-176.41
90.4,255,-2.78
90.5,255,-10.43
90.6,255,-17.23
90.7,255,-24.81
90.8,255,-30.5
90.9,255,-35.78
91,255,-40.25
91.1,255,-47.07
91.2,255,-54.9
91.3,255,-64.83
91.4,255,-74.27
91.5,255,-81.15
91.6,255,-88.38
91.7,255,-94.46
91.8,255,-101.65
91.9,255,-108.64
92,255,-115.43
92.1,255,-120.1
92.2,255,-128
92.3,255,-137.81
92.4,255,-143.94
92.5,255,-146.52
92.6,255,-148.3
92.7,255,-152.03
92.8,255,-157.14
92.9,255,-161.8
93,255,-165.78
93.1,255,-171.02
93.2,255,-177.47
93.3,255,-2.89
93.4,255,-8.27
93.5,255,-13.58
93.6,255,-20.01
93.7,255,-25.99
93.8,255,-32.4
93.9,255,-37.89
94,255,-44.51
94.1,255,-51.41
94.2,255,-59.01
94.3,255,-68.27
94.4,255,-77.76
94.5,255,-87.04
94.6,255,-95.64
94.7,255,-103.34
94.8,255,-109.88
94.9,255,-117.53
95,255,-124.45
95.1,255,-131.95
95.2,255,-140.68
95.3,255,-148.91
95.4,255,-155.52
95.5,255,-159.92
95.6,255,-161.86
95.7,255,-163.6
95.8,255,-168.58
95.9,255,-174.07
96,255,-0.95
96.1,255,-8.47
96.2,255,-17.09
96.3,255,-24.18
96.4,255,-31.53
96.5,255,-37.66
96.6,255,-44.24
96.7,255,-49.65
96.8,255,-55.86
96.9,255,-63.91
97,255,-72.89
97.1,255,-83.42
97.2,255,-91.03
97.3,255,-97.17
97.4,255,-102.52
97.5,255,-108.25
97.6,255,-114.76
97.7,255,-122.57
97.8,255,-129.37
97.9,255,-135.58
98,255,-143.27
98.1,255,-152.08
98.2,255,-160
98.3,255,-162.88
98.4,255,-164.98
98.5,255,-168.22
98.6,255,-174.44
98.7,255,-174.44
98.8,0,-174.44
98.9,0,-174.44
99,0,-174.44
99.1,0,-174.44
99.2,0,-174.44
99.3,0,-174.44
99.4,0,-174.44
99.5,0,-174.44
99.6,0,-174.44
99.7,0,-174.44
99.8,0,-174.44
99.9,0,-174.44
100,0,-174.44
100.1,0,-174.44
100.2,0,-174.44
100.3,0,-174.44
100.4,0,-174.44
100.5,0,-174.44
100.6,0,-174.44
100.7,0,-174.44
100.8,0,-174.44
100.9,0,-174.44
101,0,-174.44
101.1,0,-174.44
101.2,0,-174.44
101.3,0,-174.44
101.4,0,-174.44
101.5,0,-174.44
101.6,0,-174.44
101.7,0,-174.44
101.8,0,-174.44
101.9,0,-174.44
102,0,-174.44
102.1,0,-174.44
102.2,0,-174.44
102.3,0,-174.44
102.4,0,-174.44
102.5,0,-174.44
102.6,0,-174.44
102.7,0,-174.44
102.8,0,-174.44
102.9,0,-174.44
103,0,-174.44
103.1,0,-174.44
103.2,0,-174.44
103.3,0,-174.44
103.4,0,-174.44
103.5,0,-174.44
103.6,0,-174.44
103.7,0,-174.44
103.8,0,-174.44
103.9,0,-174.44
104,0,-174.44
104.1,0,-174.44
104.2,0,-174.44
104.3,0,-174.44
104.4,0,-174.44
104.5,0,-174.44
104.6,0,-174.44
104.7,0,-174.44
104.8,0,-174.44
104.9,0,-174.44
105,0,-174.44
105.1,0,-174.44
105.2,0,-174.44
105.3,0,-174.44
105.4,0,-174.44
105.5,0,-174.44
105.6,0,-174.44
105.7,0,-174.44
105.8,0,-174.44
105.9,0,-174.44
106,0,-174.44
106.1,0,-174.44
106.2,0,-174.44
106.3,0,-174.44
106.4,0,-174.44
106.5,0,-174.44
106.6,0,-174.44
106.7,0,-174.44
106.8,0,-174.44
106.9,0,-174.44
107,0,-174.44
107.1,0,-174.44
107.2,0,-174.44
107.3,0,-174.44
107.4,0,-174.44
107.5,0,-174.44
107.6,0,-174.44
107.7,0,-174.44
107.8,0,-174.44
107.9,0,-174.44
108,0,-174.44
108.1,0,-174.44
108.2,0,-174.44
108.3,0,-174.44
108.4,0,-174.44
108.5,0,-174.44
108.6,0,-174.44
108.7,0,-174.44
108.8,0,-174.44
108.9,0,-174.44
109,0,-174.44
109.1,0,-174.44
109.2,0,-174.44
109.3,0,-174.44
109.4,0,-174.44
109.5,0,-174.44
109.6,0,-174.44
109.7,0,-174.44
109.8,0,-174.44
109.9,0,-174.44
110,0,-174.44
110.1,0,-174.44
110.2,0,-174.44
110.3,0,-174.44
110.4,0,-174.44
110.5,0,-174.44
110.6,0,-174.44
110.7,0,-174.44
110.8,0,-174.44
110.9,0,-174.44
111,0,-174.44
111.1,0,-174.44
111.2,0,-174.44
111.3,0,-174.44
111.4,0,-174.44
111.5,0,-174.44
111.6,0,-174.44
111.7,0,-174.44
111.8,0,-174.44
111.9,0,-174.44
112,0,-174.44
112.1,0,-174.44
112.2,0,-174.44
112.3,0,-174.44
112.4,0,-174.44
112.5,0,-174.44
112.6,0,-174.44
112.7,0,-174.44
112.8,0,-174.44
112.9,0,-174.44
113,0,-174.44
113.1,0,-174.44
113.2,0,-174.44
113.3,0,-174.44
113.4,0,-174.44
113.5,0,-174.44
113.6,0,-174.44
113.7,0,-174.44
113.8,0,-174.44
113.9,0,-174.44
114,0,-174.44
114.1,0,-174.44
114.2,0,-174.44
114.3,0,-174.44
114.4,0,-174.44
114.5,0,-174.44
114.6,0,-174.44
114.7,0,-174.44
114.8,0,-174.44
114.9,0,-174.44
115,0,-174.44
115.1,0,-174.44
115.2,0,-174.44
115.3,0,-174.44
115.4,0,-174.44
115.5,0,-174.44
115.6,0,-174.44
115.7,0,-174.44
115.8,0,-174.44
115.9,0,-174.44
116,0,-174.44
116.1,0,-174.44
116.2,0,-174.44
116.3,0,-174.44
116.4,0,-174.44
116.5,0,-174.44
116.6,0,-174.44
116.7,0,-174.44
116.8,0,-174.44
116.9,0,-174.44
117,0,-174.44
117.1,0,-174.44
117.2,0,-174.44
117.3,0,-174.44
117.4,0,-174.44
117.5,0,-174.44
117.6,0,-174.44
117.7,0,-174.44
117.8,0,-174.44
117.9,0,-174.44
118,0,-174.44
118.1,0,-174.44
118.2,0,-174.44
118.3,0,-174.44
118.4,0,-174.44
118.5,0,-174.44
118.6,0,-174.44
118.7,0,-174.44
118.8,0,-174.44
118.9,0,-174.44
119,0,-174.44
119.1,0,-174.44
119.2,0,-174.44
119.3,0,-174.44
119.4,0,-174.44
119.5,0,-174.44
119.6,0,-174.44
119.7,0,-174.44
119.8,0,-174.44
119.9,0,-174.44
120,0,-174.44
120.1,0,-174.44
120.2,0,-174.44
120.3,0,-174.44
120.4,0,-174.44
120.5,0,-174.44
120.6,0,-174.44
120.7,0,-174.44
120.8,0,-174.44
120.9,0,-174.44
121,0,-174.44
121.1,0,-174.44
121.2,0,-174.44
121.3,0,-174.44
121.4,0,-174.44
121.5,0,-174.44
121.6,0,-174.44
121.7,0,-174.44
121.8,0,-174.44
121.9,0,-174.44
122,0,-174.44
122.1,0,-174.44
122.2,0,-174.44
122.3,0,-174.44
122.4,0,-174.44
122.5,0,-174.44
122.6,0,-174.44
122.7,0,-174.44
122.8,0,-174.44
122.9,0,-174.44
123,0,-174.44
123.1,0,-174.44
123.2,0,-174.44
123.3,0,-174.44
123.4,0,-174.44
123.5,0,-174.44
123.6,0,-174.44
123.7,0,-174.44
123.8,0,-174.44
123.9,0,-174.44
124,0,-174.44
124.1,0,-174.44
124.2,0,-174.44
124.3,0,-174.44
124.4,0,-174.44
124.5,0,-174.44
124.6,0,-174.44
124.7,0,-174.44
124.8,0,-174.44
124.9,0,-174.44
125,0,-174.44
125.1,0,-174.44
125.2,0,-174.44
125.3,0,-174.44
125.4,0,-174.44
125.5,0,-174.44
125.6,0,-174.44
125.7,0,-174.44
125.8,0,-174.44
125.9,0,-174.44
126,0,-174.44
126.1,0,-174.44
126.2,0,-174.44
126.3,0,-174.44
126.4,0,-174.44
126.5,0,-174.44
126.6,0,-174.44
126.7,0,-174.44
126.8,0,-174.44
126.9,0,-174.44
127,0,-174.44
127.1,0,-174.44
127.2,0,-174.44
127.3,0,-174.44
127.4,0,-174.44
127.5,0,-174.44
127.6,0,-174.44
127.7,0,-174.44
127.8,0,-174.44
127.9,0,-174.44
128,0,-174.44
128.1,0,-174.44
128.2,0,-174.44
128.3,0,-174.44
128.4,0,-174.44
128.5,0,-174.44
128.6,0,-174.44
128.7,0,-174.44
128.8,0,-174.44
128.9,0,-174.44
129,0,-174.44
129.1,0,-174.44
129.2,0,-174.44
129.3,0,-174.44
129.4,0,-174.44
129.5,0,-174.44
129.6,0,-174.44
129.7,0,-174.44
129.8,0,-174.44
129.9,0,-174.44
130,0,-174.44
130.1,0,-174.44
130.2,0,-174.44
130.3,0,-174.44
130.4,0,-174.44
130.5,0,-174.44
130.6,0,-174.44
130.7,0,-174.44
130.8,0,-174.44
130.9,0,-174.44
131,0,-174.44
131.1,0,-174.44
131.2,0,-174.44
131.3,0,-174.44
131.4,0,-174.44
131.5,0,-174.44
131.6,0,-174.44
131.7,0,-174.44
131.8,0,-174.44
131.9,0,-174.44
132,0,-174.44
132.1,0,-174.44
132.2,0,-174.44
132.3,0,-174.44
132.4,0,-174.44
132.5,0,-174.44
132.6,0,-174.44
132.7,0,-174.44
132.8,0,-174.44
132.9,0,-174.44
133,0,-174.44
133.1,0,-174.44
133.2,0,-174.44
133.3,0,-174.44
133.4,0,-174.44
133.5,0,-174.44
133.6,0,-174.44
133.7,0,-174.44
133.8,0,-174.44
133.9,0,-174.44
134,0,-174.44
134.1,0,-174.44
134.2,0,-174.44
134.3,0,-174.44
134.4,0,-174.44
134.5,0,-174.44
134.6,0,-174.44
134.7,0,-174.44
134.8,0,-174.44
134.9,0,-174.44
135,0,-174.44
135.1,0,-174.44
135.2,0,-174.44
135.3,0,-174.44
135.4,0,-174.44
135.5,0,-174.44
135.6,0,-174.44
135.7,0,-174.44
135.8,0,-174.44
135.9,0,-174.44
136,0,-174.44
136.1,0,-174.44
136.2,0,-174.44
136.3,0,-174.44
136.4,0,-174.44
136.5,0,-174.44
136.6,0,-174.44
136.7,0,-174.44
136.8,0,-174.44
136.9,0,-174.44
137,0,-174.44
137.1,0,-174.44
137.2,0,-174.44
137.3,0,-174.44
137.4,0,-174.44
137.5,0,-174.44
137.6,0,-174.44
137.7,0,-174.44
137.8,0,-174.44
137.9,0,-174.44
138,0,-174.44
138.1,0,-174.44
138.2,0,-174.44
138.3,0,-174.44
138.4,0,-174.44
138.5,0,-174.44
138.6,0,-174.44
138.7,0,-174.44
138.8,0,-174.44
138.9,0,-174.44
139,0,-174.44
139.1,0,-174.44
139.2,0,-174.44
139.3,0,-174.44
139.4,0,-174.44
139.5,0,-174.44
139.6,0,-174.44
139.7,0,-174.44
139.8,0,-174.44
139.9,0,-174.44
140,0,-174.44
140.1,0,-174.44
140.2,0,-174.44
140.3,0,-174.44
140.4,0,-174.44
140.5,0,-174.44
140.6,0,-174.44
140.7,0,-174.44
140.8,0,-174.44
140.9,0,-174.44
141,0,-174.44
141.1,0,-174.44
141.2,0,-174.44
141.3,0,-174.44
141.4,0,-174.44
141.5,0,-174.44
141.6,0,-174.44
141.7,0,-174.44
141.8,0,-174.44
141.9,0,-174.44
142,0,-174.44
142.1,0,-174.44
142.2,0,-174.44
142.3,0,-174.44
142.4,0,-174.44
142.5,0,-174.44
142.6,0,-174.44
142.7,0,-174.44
142.8,0,-174.44
142.9,0,-174.44
143,0,-174.44
143.1,0,-174.44
143.2,0,-174.44
143.3,0,-174.44
143.4,0,-174.44
143.5,0,-174.44
143.6,0,-174.44
143.7,0,-174.44
143.8,0,-174.44
143.9,0,-174.44
144,0,-174.44
144.1,0,-174.44
144.2,0,-174.44
144.3,0,-174.44
144.4,0,-174.44
144.5,0,-174.44
144.6,0,-174.44
144.7,0,-174.44
144.8,0,-174.44
144.9,0,-174.44
145,0,-174.44
145.1,0,-174.44
145.2,0,-174.44
145.3,0,-174.44
145.4,0,-174.44
145.5,0,-174.44
145.6,0,-174.44
145.7,0,-174.44
145.8,0,-174.44
145.9,0,-174.44
146,0,-174.44
146.1,0,-174.44
146.2,0,-174.44
146.3,0,-174.44
146.4,0,-174.44
146.5,0,-174.44
146.6,0,-174.44
146.7,0,-174.44
146.8,0,-174.44
146.9,0,-174.44
147,0,-174.44
147.1,0,-174.44
147.2,0,-174.44
147.3,0,-174.44
147.4,0,-174.44
147.5,0,-174.44
147.6,0,-174.44
147.7,0,-174.44
147.8,0,-174.44
147.9,0,-174.44
148,0,-174.44
148.1,0,-174.44
148.2,0,-174.44
148.3,0,-174.44
148.4,0,-174.44
148.5,0,-174.44
148.6,0,-174.44
148.7,0,-174.44
148.8,255,-164.55
148.9,255,-166.43
149,255,-172.18
149.1,255,-178.31
149.2,255,-4.74
149.3,255,-9.04
149.4,255,-10.59
149.5,255,-10.75
149.6,255,-11.41
149.7,255,-12.06
149.8,255,-12.99
149.9,255,-18.6
150,255,-25.36
150.1,255,-32.79
150.2,255,-39.61
150.3,255,-47.99
150.4,255,-55.39
150.5,255,-64.53
150.6,255,-71.76
150.7,255,-79.4
150.8,255,-86.78
150.9,255,-95.92
151,255,-104.66
151.1,255,-112.59
151.2,255,-122.47
151.3,255,-133.28
151.4,255,-143.91
151.5,255,-150.15
151.6,255,-154.01
151.7,255,-157.35
151.8,255,-162.42
151.9,255,-167.45
152,255,-173.6
152.1,255,-179.7
152.2,255,-5.75
152.3,255,-12.58
152.4,255,-19.49
152.5,255,-27.1
152.6,255,-34.43
152.7,255,-43.65
152.8,255,-52.13
152.9,255,-61.71
153,255,-70.95
153.1,255,-80.8
153.2,255,-87.36
153.3,255,-92.37
153.4,255,-98.35
153.5,255,-104.81
153.6,255,-112.1
153.7,255,-118.46
153.8,255,-125.92
153.9,255,-133.78
154,255,-143.27
154.1,255,-149.93
154.2,255,-153.73
154.3,255,-156.18
154.4,255,-159.04
154.5,255,-163.01
154.6,255,-169.49
154.7,255,-178.39
154.8,255,-6.25
154.9,255,-14.77
155,255,-21.58
155.1,255,-28.05
155.2,255,-35.03
155.3,255,-42.6
155.4,255,-51.34
155.5,255,-60.05
155.6,255,-69.25
155.7,255,-79.38
155.8,255,-87.8
155.9,255,-94.1
156,255,-99.72
156.1,255,-105.04
156.2,255,-113.3
156.3,255,-121.39
156.4,255,-130.24
156.5,255,-139.92
156.6,255,-149.21
156.7,255,-156.72
156.8,255,-161.07
156.9,255,-163.04
157,255,-164.24
157.1,255,-165.95
157.2,255,-168.58
157.3,255,-174.84
157.4,255,-2.87
157.5,255,-11.59
157.6,255,-19.07
157.7,255,-26.31
157.8,255,-31.24
157.9,255,-34.97
158,255,-38.67
158.1,255,-41.95
158.2,255,-45.12
158.3,255,-49.97
158.4,255,-56.78
158.5,255,-63
158.6,255,-70.08
158.7,255,-76.09
158.8,255,-83.12
158.9,255,-90.03
159,255,-96.88
159.1,255,-102.42
159.2,255,-107.56
159.3,255,-112.99
159.4,255,-119.81
159.5,255,-127.44
159.6,255,-133.94
159.7,255,-141.81
159.8,255,-149.97
159.9,255,-156.77
160,255,-159.03
160.1,255,-159.26
160.2,255,-159.17
160.3,255,-159.25
160.4,255,-159.69
160.5,255,-163.28
160.6,255,-169
160.7,255,-173.56
160.8,255,-179.59
160.9,255,-5.85
161,255,-13.37
161.1,255,-21.07
161.2,255,-29.36
161.3,255,-35.55
161.4,255,-42.16
161.5,255,-47.46
161.6,255,-54.06
161.7,255,-61.24
161.8,255,-70.73
161.9,255,-82.26
162,255,-92.7
162.1,255,-102.49
162.2,255,-109.42
162.3,255,-114.54
162.4,255,-120.22
162.5,255,-128.5
162.6,255,-137.35
162.7,255,-146.78
162.8,255,-155.38
162.9,255,-165.58
163,255,-172.75
163.1,255,-177.21
163.2,255,-179.79
163.3,255,-2.7
163.4,255,-7.37
163.5,255,-11.64
163.6,255,-16.65
163.7,255,-21.72
163.8,255,-28.14
163.9,255,-34.34
164,255,-39.29
164.1,255,-43.73
164.2,255,-46.93
164.3,255,-52.57
164.4,255,-58.62
164.5,255,-65.56
164.6,255,-71.14
164.7,255,-77.57
164.8,255,-85.24
164.9,255,-92.42
165,255,-100.58
165.1,255,-108.49
165.2,255,-115.1
165.3,255,-120.29
165.4,255,-126.99
165.5,255,-133.76
165.6,255,-142.32
165.7,255,-151.37
165.8,255,-159.92
165.9,255,-168.29
166,255,-175.36
166.1,255,-0.75
166.2,255,-5.17
166.3,255,-12.13
166.4,255,-18.69
166.5,255,-24.74
166.6,255,-30.62
166.7,255,-37.04
166.8,255,-41.78
166.9,255,-46.19
167,255,-50.44
167.1,255,-57.39
167.2,255,-64.14
167.3,255,-72.24
167.4,255,-80.21
167.5,255,-88.41
167.6,255,-97.9
167.7,255,-106.55
167.8,255,-115.36
167.9,255,-121.49
168,255,-127.36
168.1,255,-133.27
168.2,255,-141.6
168.3,255,-150.45
168.4,255,-158.27
168.5,255,-167.78
168.6,255,-175.59
168.7,255,-2.12
168.8,255,-5.36
168.9,255,-8.59
169,255,-11.46
169.1,255,-14.35
169.2,255,-19.88
169.3,255,-27.52
169.4,255,-36.52
169.5,255,-43
169.6,255,-48.84
169.7,255,-54.1
169.8,255,-59.13
169.9,255,-64.57
170,255,-71.79
170.1,255,-78.8
170.2,255,-87.04
170.3,255,-96.38
170.4,255,-105.31
170.5,255,-114.5
170.6,255,-121.01
170.7,255,-126.75
170.8,255,-132.49
170.9,255,-140.82
171,255,-148.71
171.1,255,-157.09
171.2,255,-164.53
171.3,255,-174.14
171.4,255,-1.27
171.5,255,-6.13
171.6,255,-9.26
171.7,255,-12.74
171.8,255,-17.26
171.9,255,-21.61
172,255,-27.42
172.1,255,-32.39
172.2,255,-36.85
172.3,255,-39.98
172.4,255,-45.43
172.5,255,-51.14
172.6,255,-56.45
172.7,255,-63.55
172.8,255,-69.42
172.9,255,-76.38
173,255,-82.66
173.1,255,-88.81
173.2,255,-94.36
173.3,255,-101.47
173.4,255,-108.52
173.5,255,-117.39
173.6,255,-125.69
173.7,255,-132.04
173.8,255,-138.69
173.9,255,-145.28
174,255,-154.31
174.1,255,-162.73
174.2,255,-170.83
174.3,255,-178.56
174.4,255,-6.89
174.5,255,-11.07
174.6,255,-14.03
174.7,255,-17.14
174.8,255,-21.68
174.9,255,-26.79
175,255,-33.22
175.1,255,-41.5
175.2,255,-47.87
175.3,255,-54.06
175.4,255,-58.49
175.5,255,-65.39
175.6,255,-71.25
175.7,255,-77.64
175.8,255,-83.75
175.9,255,-88.64
176,255,-93.59
176.1,255,-97.03
176.2,255,-101.03
176.3,255,-105.22
176.4,255,-110.03
176.5,255,-115.15
176.6,255,-122.16
176.7,255,-128.6
176.8,255,-134.9
176.9,255,-139.15
177,255,-143.46
177.1,255,-148.43
177.2,255,-153.39
177.3,255,-159.66
177.4,255,-164.81
177.5,255,-171.01
177.6,255,-177.97
177.7,255,-7.37
177.8,255,-14.4
177.9,255,-19.26
178,255,-23.14
178.1,255,-26.64
178.2,255,-32.15
178.3,255,-38.35
178.4,255,-45.72
178.5,255,-52.77
178.6,255,-60.31
178.7,255,-67.1
178.8,255,-75.03
178.9,255,-80.23
179,255,-84.94
179.1,255,-89.95
179.2,255,-94.35
179.3,255,-100.19
179.4,255,-106.76
179.5,255,-115.88
179.6,255,-123.95
179.7,255,-133.9
179.8,255,-141.97
179.9,255,-148.83
180,255,-154.38
180.1,255,-159.52
180.2,255,-166.12
180.3,255,-173.48
180.4,255,-2.66
180.5,255,-11.25
180.6,255,-20.27
180.7,255,-25.84
180.8,255,-31.03
180.9,255,-34.22
181,255,-37.3
181.1,255,-40.75
181.2,255,-45.76
181.3,255,-51.27
181.4,255,-58.83
181.5,255,-65.91
181.6,255,-73.51
181.7,255,-80.78
181.8,255,-85.75
181.9,255,-89.84
182,255,-93.7
182.1,255,-99.46
182.2,255,-106.15
182.3,255,-114.96
182.4,255,-124.15
182.5,255,-134.68
182.6,255,-144.96
182.7,255,-151.96
182.8,255,-158.32
182.9,255,-164.16
183,255,-171.78
183.1,255,-178.39
183.2,255,-5.72
183.3,255,-13.4
183.4,255,-22.45
183.5,255,-28.63
183.6,255,-32.93
183.7,255,-35.54
183.8,255,-37.3
183.9,255,-40.11
184,255,-43.96
184.1,255,-48.77
184.2,255,-54.41
184.3,255,-61.04
184.4,255,-66.91
184.5,255,-72.53
184.6,255,-74.99
184.7,255,-76.87
184.8,255,-78.64
184.9,255,-81.83
185,255,-86.33
185.1,255,-90.32
185.2,255,-94.86
185.3,255,-98.91
185.4,255,-103.31
185.5,255,-107.33
185.6,255,-111.85
185.7,255,-115.43
185.8,255,-119.16
185.9,255,-121.91
186,255,-124.42
186.1,255,-127.93
186.2,255,-133.59
186.3,255,-141.92
186.4,255,-150.04
186.5,255,-157.76
186.6,255,-163.36
186.7,255,-169.35
186.8,255,-175.01
186.9,255,-1.3
187,255,-7
187.1,255,-14.65
187.2,255,-22.73
187.3,255,-31.77
187.4,255,-40.19
187.5,255,-46.56
187.6,255,-51.72
187.7,255,-54.85
187.8,255,-58.51
187.9,255,-62.25
188,255,-67.88
188.1,255,-74.27
188.2,255,-80.78
188.3,255,-86.33
188.4,255,-91.17
188.5,255,-95.07
188.6,255,-97.84
188.7,255,-99.66
188.8,255,-102.17
188.9,255,-105.09
189,255,-108.18
189.1,255,-112.43
189.2,255,-115.63
189.3,255,-120.24
189.4,255,-125.6
189.5,255,-131.8
189.6,255,-138.79
189.7,255,-143.94
189.8,255,-149.31
189.9,255,-153.62
190,255,-156.82
190.1,255,-160.34
190.2,255,-165.95
190.3,255,-172.96
190.4,255,-0.86
190.5,255,-8.06
190.6,255,-15.18
190.7,255,-23.49
190.8,255,-29.89
190.9,255,-35.51
191,255,-39.34
191.1,255,-44.53
191.2,255,-48.26
191.3,255,-50.67
191.4,255,-52.89
191.5,255,-54.43
191.6,255,-55.42
191.7,255,-59.12
191.8,255,-64
191.9,255,-70.78
192,255,-79.07
192.1,255,-86.9
192.2,255,-94.93
192.3,255,-100.37
192.4,255,-106.18
192.5,255,-111.74
192.6,255,-116.64
192.7,255,-121.58
192.8,255,-125.76
192.9,255,-129.87
193,255,-134.12
193.1,255,-141
193.2,255,-148.49
193.3,255,-157.75
193.4,255,-165.65
193.5,255,-170.57
193.6,255,-175.2
193.7,255,-179.93
193.8,255,-5.42
193.9,255,-11.07
194,255,-18.07
194.1,255,-26.03
194.2,255,-35.03
194.3,255,-42.38
194.4,255,-46.7
194.5,255,-49.65
194.6,255,-52.28
194.7,255,-54
194.8,255,-55.71
194.9,255,-59.16
195,255,-62.43
195.1,255,-65.98
195.2,255,-68.93
195.3,255,-74.83
195.4,255,-80.88
195.5,255,-86.97
195.6,255,-93.23
195.7,255,-98.8
195.8,255,-103.02
195.9,255,-109.17
196,255,-115.34
196.1,255,-119.73
196.2,255,-122.31
196.3,255,-124.06
196.4,255,-127.43
196.5,255,-130.62
196.6,255,-134.8
196.7,255,-138.86
196.8,255,-143.16
196.9,255,-149.43
197,255,-156.33
197.1,255,-162.69
197.2,255,-166.22
197.3,255,-169.31
197.4,255,-172.32
197.5,255,-175.94
197.6,255,-178.93
197.7,255,-3.42
197.8,255,-8.32
197.9,255,-14.64
198,255,-22.05
198.1,255,-32.5
198.2,255,-43.01
198.3,255,-51.99
198.4,255,-57.11
198.5,255,-60.75
198.6,255,-63.21
198.7,255,-64.81
198.8,0,-64.81
198.9,0,-64.81
199,0,-64.81
199.1,0,-64.81
199.2,0,-64.81
199.3,0,-64.81
199.4,0,-64.81
199.5,0,-64.81
199.6,0,-64.81
199.7,0,-64.81
199.8,0,-64.81
199.9,0,-64.81
200,0,-64.81
200.1,0,-64.81
200.2,0,-64.81
200.3,0,-64.81
200.4,0,-64.81
200.5,0,-64.81
200.6,0,-64.81
200.7,0,-64.81
200.8,0,-64.81
200.9,0,-64.81
201,0,-64.81
201.1,0,-64.81
201.2,0,-64.81
201.3,0,-64.81
201.4,0,-64.81
201.5,0,-64.81
201.6,0,-64.81
201.7,0,-64.81
201.8,0,-64.81
201.9,0,-64.81
202,0,-64.81
202.1,0,-64.81
202.2,0,-64.81
202.3,0,-64.81
202.4,0,-64.81
202.5,0,-64.81
202.6,0,-64.81
202.7,0,-64.81
202.8,0,-64.81
202.9,0,-64.81
203,0,-64.81
203.1,0,-64.81
203.2,0,-64.81
203.3,0,-64.81
203.4,0,-64.81
203.5,0,-64.81
203.6,0,-64.81
203.7,0,-64.81
203.8,0,-64.81
203.9,0,-64.81
204,0,-64.81
204.1,0,-64.81
204.2,0,-64.81
204.3,0,-64.81
204.4,0,-64.81
204.5,0,-64.81
204.6,0,-64.81
204.7,0,-64.81
204.8,0,-64.81
204.9,0,-64.81
205,0,-64.81
205.1,0,-64.81
205.2,0,-64.81
205.3,0,-64.81
205.4,0,-64.81
205.5,0,-64.81
205.6,0,-64.81
205.7,0,-64.81
205.8,0,-64.81
205.9,0,-64.81
206,0,-64.81
206.1,0,-64.81
206.2,0,-64.81
206.3,0,-64.81
206.4,0,-64.81
206.5,0,-64.81
206.6,0,-64.81
206.7,0,-64.81
206.8,0,-64.81
206.9,0,-64.81
207,0,-64.81
207.1,0,-64.81
207.2,0,-64.81
207.3,0,-64.81
207.4,0,-64.81
207.5,0,-64.81
207.6,0,-64.81
207.7,0,-64.81
207.8,0,-64.81
207.9,0,-64.81
208,0,-64.81
208.1,0,-64.81
208.2,0,-64.81
208.3,0,-64.81
208.4,0,-64.81
208.5,0,-64.81
208.6,0,-64.81
208.7,0,-64.81
208.8,0,-64.81
208.9,0,-64.81
209,0,-64.81
209.1,0,-64.81
209.2,0,-64.81
209.3,0,-64.81
209.4,0,-64.81
209.5,0,-64.81
209.6,0,-64.81
209.7,0,-64.81
209.8,0,-64.81
209.9,0,-64.81
210,0,-64.81
210.1,0,-64.81
210.2,0,-64.81
210.3,0,-64.81
210.4,0,-64.81
210.5,0,-64.81
210.6,0,-64.81
210.7,0,-64.81
210.8,0,-64.81
210.9,0,-64.81
211,0,-64.81
211.1,0,-64.81
211.2,0,-64.81
211.3,0,-64.81
211.4,0,-64.81
211.5,0,-64.81
211.6,0,-64.81
211.7,0,-64.81
211.8,0,-64.81
211.9,0,-64.81
212,0,-64.81
212.1,0,-64.81
212.2,0,-64.81
212.3,0,-64.81
212.4,0,-64.81
212.5,0,-64.81
212.6,0,-64.81
212.7,0,-64.81
212.8,0,-64.81
212.9,0,-64.81
213,0,-64.81
213.1,0,-64.81
213.2,0,-64.81
213.3,0,-64.81
213.4,0,-64.81
213.5,0,-64.81
213.6,0,-64.81
213.7,0,-64.81
213.8,0,-64.81
213.9,0,-64.81
214,0,-64.81
214.1,0,-64.81
214.2,0,-64.81
214.3,0,-64.81
214.4,0,-64.81
214.5,0,-64.81
214.6,0,-64.81
214.7,0,-64.81
214.8,0,-64.81
214.9,0,-64.81
215,0,-64.81
215.1,0,-64.81
215.2,0,-64.81
215.3,0,-64.81
215.4,0,-64.81
215.5,0,-64.81
215.6,0,-64.81
215.7,0,-64.81
215.8,0,-64.81
215.9,0,-64.81
216,0,-64.81
216.1,0,-64.81
216.2,0,-64.81
216.3,0,-64.81
216.4,0,-64.81
216.5,0,-64.81
216.6,0,-64.81
216.7,0,-64.81
216.8,0,-64.81
216.9,0,-64.81
217,0,-64.81
217.1,0,-64.81
217.2,0,-64.81
217.3,0,-64.81
217.4,0,-64.81
217.5,0,-64.81
217.6,0,-64.81
217.7,0,-64.81
217.8,0,-64.81
217.9,0,-64.81
218,0,-64.81
218.1,0,-64.81
218.2,0,-64.81
218.3,0,-64.81
218.4,0,-64.81
218.5,0,-64.81
218.6,0,-64.81
218.7,0,-64.81
218.8,0,-64.81
218.9,0,-64.81
219,0,-64.81
219.1,0,-64.81
219.2,0,-64.81
219.3,0,-64.81
219.4,0,-64.81
219.5,0,-64.81
219.6,0,-64.81
219.7,0,-64.81
219.8,0,-64.81
219.9,0,-64.81
220,0,-64.81
220.1,0,-64.81
220.2,0,-64.81
220.3,0,-64.81
220.4,0,-64.81
220.5,0,-64.81
220.6,0,-64.81
220.7,0,-64.81
220.8,0,-64.81
220.9,0,-64.81
221,0,-64.81
221.1,0,-64.81
221.2,0,-64.81
221.3,0,-64.81
221.4,0,-64.81
221.5,0,-64.81
221.6,0,-64.81
221.7,0,-64.81
221.8,0,-64.81
221.9,0,-64.81
222,0,-64.81
222.1,0,-64.81
222.2,0,-64.81
222.3,0,-64.81
222.4,0,-64.81
222.5,0,-64.81
222.6,0,-64.81
222.7,0,-64.81
222.8,0,-64.81
222.9,0,-64.81
223,0,-64.81
223.1,0,-64.81
223.2,0,-64.81
223.3,0,-64.81
223.4,0,-64.81
223.5,0,-64.81
223.6,0,-64.81
223.7,0,-64.81
223.8,0,-64.81
223.9,0,-64.81
224,0,-64.81
224.1,0,-64.81
224.2,0,-64.81
224.3,0,-64.81
224.4,0,-64.81
224.5,0,-64.81
224.6,0,-64.81
224.7,0,-64.81
224.8,0,-64.81
224.9,0,-64.81
225,0,-64.81
225.1,0,-64.81
225.2,0,-64.81
225.3,0,-64.81
225.4,0,-64.81
225.5,0,-64.81
225.6,0,-64.81
225.7,0,-64.81
225.8,0,-64.81
225.9,0,-64.81
226,0,-64.81
226.1,0,-64.81
226.2,0,-64.81
226.3,0,-64.81
226.4,0,-64.81
226.5,0,-64.81
226.6,0,-64.81
226.7,0,-64.81
226.8,0,-64.81
226.9,0,-64.81
227,0,-64.81
227.1,0,-64.81
227.2,0,-64.81
227.3,0,-64.81
227.4,0,-64.81
227.5,0,-64.81
227.6,0,-64.81
227.7,0,-64.81
227.8,0,-64.81
227.9,0,-64.81
228,0,-64.81
228.1,0,-64.81
228.2,0,-64.81
228.3,0,-64.81
228.4,0,-64.81
228.5,0,-64.81
228.6,0,-64.81
228.7,0,-64.81
228.8,0,-64.81
228.9,0,-64.81
229,0,-64.81
229.1,0,-64.81
229.2,0,-64.81
229.3,0,-64.81
229.4,0,-64.81
229.5,0,-64.81
229.6,0,-64.81
229.7,0,-64.81
229.8,0,-64.81
229.9,0,-64.81
230,0,-64.81
230.1,0,-64.81
230.2,0,-64.81
230.3,0,-64.81
230.4,0,-64.81
230.5,0,-64.81
230.6,0,-64.81
230.7,0,-64.81
230.8,0,-64.81
230.9,0,-64.81
231,0,-64.81
231.1,0,-64.81
231.2,0,-64.81
231.3,0,-64.81
231.4,0,-64.81
231.5,0,-64.81
231.6,0,-64.81
231.7,0,-64.81
231.8,0,-64.81
231.9,0,-64.81
232,0,-64.81
232.1,0,-64.81
232.2,0,-64.81
232.3,0,-64.81
232.4,0,-64.81
232.5,0,-64.81
232.6,0,-64.81
232.7,0,-64.81
232.8,0,-64.81
232.9,0,-64.81
233,0,-64.81
233.1,0,-64.81
233.2,0,-64.81
233.3,0,-64.81
233.4,0,-64.81
233.5,0,-64.81
233.6,0,-64.81
233.7,0,-64.81
233.8,0,-64.81
233.9,0,-64.81
234,0,-64.81
234.1,0,-64.81
234.2,0,-64.81
234.3,0,-64.81
234.4,0,-64.81
234.5,0,-64.81
234.6,0,-64.81
234.7,0,-64.81
234.8,0,-64.81
234.9,0,-64.81
235,0,-64.81
235.1,0,-64.81
235.2,0,-64.81
235.3,0,-64.81
235.4,0,-64.81
235.5,0,-64.81
235.6,0,-64.81
235.7,0,-64.81
235.8,0,-64.81
235.9,0,-64.81
236,0,-64.81
236.1,0,-64.81
236.2,0,-64.81
236.3,0,-64.81
236.4,0,-64.81
236.5,0,-64.81
236.6,0,-64.81
236.7,0,-64.81
236.8,0,-64.81
236.9,0,-64.81
237,0,-64.81
237.1,0,-64.81
237.2,0,-64.81
237.3,0,-64.81
237.4,0,-64.81
237.5,0,-64.81
237.6,0,-64.81
237.7,0,-64.81
237.8,0,-64.81
237.9,0,-64.81
238,0,-64.81
238.1,0,-64.81
238.2,0,-64.81
238.3,0,-64.81
238.4,0,-64.81
238.5,0,-64.81
238.6,0,-64.81
238.7,0,-64.81
238.8,0,-64.81
238.9,0,-64.81
239,0,-64.81
239.1,0,-64.81
239.2,0,-64.81
239.3,0,-64.81
239.4,0,-64.81
239.5,0,-64.81
239.6,0,-64.81
239.7,0,-64.81
239.8,0,-64.81
239.9,0,-64.81
240,0,-64.81
240.1,0,-64.81
240.2,0,-64.81
240.3,0,-64.81
240.4,0,-64.81
240.5,0,-64.81
240.6,0,-64.81
240.7,0,-64.81
240.8,0,-64.81
240.9,0,-64.81
241,0,-64.81
241.1,0,-64.81
241.2,0,-64.81
241.3,0,-64.81
241.4,0,-64.81
241.5,0,-64.81
241.6,0,-64.81
241.7,0,-64.81
241.8,0,-64.81
241.9,0,-64.81
242,0,-64.81
242.1,0,-64.81
242.2,0,-64.81
242.3,0,-64.81
242.4,0,-64.81
242.5,0,-64.81
242.6,0,-64.81
242.7,0,-64.81
242.8,0,-64.81
242.9,0,-64.81
243,0,-64.81
243.1,0,-64.81
243.2,0,-64.81
243.3,0,-64.81
243.4,0,-64.81
243.5,0,-64.81
243.6,0,-64.81
243.7,0,-64.81
243.8,0,-64.81
243.9,0,-64.81
244,0,-64.81
244.1,0,-64.81
244.2,0,-64.81
244.3,0,-64.81
244.4,0,-64.81
244.5,0,-64.81
244.6,0,-64.81
244.7,0,-64.81
244.8,0,-64.81
244.9,0,-64.81
245,0,-64.81
245.1,0,-64.81
245.2,0,-64.81
245.3,0,-64.81
245.4,0,-64.81
245.5,0,-64.81
245.6,0,-64.81
245.7,0,-64.81
245.8,0,-64.81
245.9,0,-64.81
246,0,-64.81
246.1,0,-64.81
246.2,0,-64.81
246.3,0,-64.81
246.4,0,-64.81
246.5,0,-64.81
246.6,0,-64.81
246.7,0,-64.81
246.8,0,-64.81
246.9,0,-64.81
247,0,-64.81
247.1,0,-64.81
247.2,0,-64.81
247.3,0,-64.81
247.4,0,-64.81
247.5,0,-64.81
247.6,0,-64.81
247.7,0,-64.81
247.8,0,-64.81
247.9,0,-64.81
248,0,-64.81
248.1,0,-64.81
248.2,0,-64.81
248.3,0,-64.81
248.4,0,-64.81
248.5,0,-64.81
248.6,0,-64.81
248.7,0,-64.81
248.8,255,-68.36
248.9,255,-76.46
249,255,-83.1
249.1,255,-92.15
249.2,255,-103.65
249.3,255,-115.04
249.4,255,-126.64
249.5,255,-136.38
249.6,255,-146.73
249.7,255,-154.97
249.8,255,-161.78
249.9,255,-166.44
250,255,-170.34
250.1,255,-177.66
250.2,255,-7.78
250.3,255,-19.82
250.4,255,-29.73
250.5,255,-39.4
250.6,255,-47
250.7,255,-56.33
250.8,255,-63.68
250.9,255,-71.64
251,255,-79.52
251.1,255,-88.16
251.2,255,-96.9
251.3,255,-107.03
251.4,255,-118.88
251.5,255,-129.47
251.6,255,-141.45
251.7,255,-151.63
251.8,255,-160.25
251.9,255,-165.08
252,255,-167.75
252.1,255,-169.49
252.2,255,-171.33
252.3,255,-174.59
252.4,255,-1.92
252.5,255,-11.74
252.6,255,-21.56
252.7,255,-33.57
252.8,255,-42.33
252.9,255,-49.01
253,255,-53.9
253.1,255,-58.69
253.2,255,-63.84
253.3,255,-70.13
253.4,255,-76.64
253.5,255,-81.31
253.6,255,-85.16
253.7,255,-90.35
253.8,255,-97.75
253.9,255,-106.36
254,255,-117.99
254.1,255,-129.6
254.2,255,-142.48
254.3,255,-153.72
254.4,255,-164.73
254.5,255,-172.06
254.6,255,-176.78
254.7,255,-0.05
254.8,255,-4.88
254.9,255,-10.94
255,255,-18.45
255.1,255,-27.16
255.2,255,-35.78
255.3,255,-44.44
255.4,255,-51.52
255.5,255,-58.09
255.6,255,-62.19
255.7,255,-66.04
255.8,255,-68.26
255.9,255,-71.03
256,255,-76.72
256.1,255,-83.81
256.2,255,-88.8
256.3,255,-94
256.4,255,-101.12
256.5,255,-109
256.6,255,-120.23
256.7,255,-130.66
256.8,255,-139.96
256.9,255,-149.26
257,255,-160.8
257.1,255,-168.81
257.2,255,-171.24
257.3,255,-172.04
257.4,255,-173.37
257.5,255,-177.41
257.6,255,-2.75
257.7,255,-9.18
257.8,255,-15.06
257.9,255,-21.28
258,255,-27.18
258.1,255,-34.13
258.2,255,-41.94
258.3,255,-49.72
258.4,255,-57.59
258.5,255,-63.71
258.6,255,-70.22
258.7,255,-76.43
258.8,255,-83.02
258.9,255,-87.19
259,255,-91.23
259.1,255,-95.67
259.2,255,-101.61
259.3,255,-109.34
259.4,255,-116.85
259.5,255,-125.76
259.6,255,-135.14
259.7,255,-145.02
259.8,255,-153.1
259.9,255,-162.52
260,255,-169.46
260.1,255,-174.38
260.2,255,-178.79
260.3,255,-3.5
260.4,255,-8.49
260.5,255,-13.68
260.6,255,-18.68
260.7,255,-22.61
260.8,255,-28.61
260.9,255,-35.01
261,255,-45
261.1,255,-54.02
261.2,255,-62.12
261.3,255,-69.27
261.4,255,-74.36
261.5,255,-78.61
261.6,255,-83.01
261.7,255,-88.54
261.8,255,-93.85
261.9,255,-99.8
262,255,-105.8
262.1,255,-112.23
262.2,255,-120.29
262.3,255,-130.65
262.4,255,-140.77
262.5,255,-149.63
262.6,255,-158.59
262.7,255,-168.37
262.8,255,-179.33
262.9,255,-7.03
263,255,-11.64
263.1,255,-16.65
263.2,255,-22.4
263.3,255,-28
263.4,255,-33.02
263.5,255,-38.64
263.6,255,-46.83
263.7,255,-56.92
263.8,255,-65.87
263.9,255,-75.59
264,255,-82.41
264.1,255,-87.35
264.2,255,-91.57
264.3,255,-94.84
264.4,255,-98.51
264.5,255,-103.63
264.6,255,-108.67
264.7,255,-113.59
264.8,255,-122.1
264.9,255,-131.46
265,255,-143.67
265.1,255,-152.63
265.2,255,-162.5
265.3,255,-171.56
265.4,255,-1.07
265.5,255,-7.91
265.6,255,-10.8
265.7,255,-13.13
265.8,255,-15.18
265.9,255,-18.53
266,255,-23.28
266.1,255,-30.79
266.2,255,-37.41
266.3,255,-44.7
266.4,255,-53.85
266.5,255,-62.19
266.6,255,-71.01
266.7,255,-78.9
266.8,255,-85.76
266.9,255,-89.46
267,255,-93.92
267.1,255,-97.96
267.2,255,-102.81
267.3,255,-108.15
267.4,255,-113.9
267.5,255,-117.67
267.6,255,-119.53
267.7,255,-123.75
267.8,255,-130.31
267.9,255,-139.97
268,255,-150.78
268.1,255,-162.24
268.2,255,-172.35
268.3,255,-3.03
268.4,255,-10.4
268.5,255,-13.91
268.6,255,-13.98
268.7,255,-14.91
268.8,255,-19.12
268.9,255,-24.8
269,255,-32.14
269.1,255,-40.2
269.2,255,-47.36
269.3,255,-55.53
269.4,255,-65.06
269.5,255,-72.5
269.6,255,-79.96
269.7,255,-85.76
269.8,255,-89.9
269.9,255,-93.85
270,255,-99.41
270.1,255,-104.8
270.2,255,-110.26
270.3,255,-117.01
270.4,255,-122.31
270.5,255,-126.8
270.6,255,-131.12
270.7,255,-137.79
270.8,255,-144.82
270.9,255,-154.65
271,255,-163.48
271.1,255,-173.25
271.2,255,-3.5
271.3,255,-12.89
271.4,255,-19.53
271.5,255,-20.91
271.6,255,-21.77
271.7,255,-23.94
271.8,255,-29.13
271.9,255,-34.55
272,255,-40.94
272.1,255,-48.22
272.2,255,-55.22
272.3,255,-63.73
272.4,255,-70.42
272.5,255,-77.32
272.6,255,-84.53
272.7,255,-93.47
272.8,255,-100.1
272.9,255,-107.49
273,255,-113.6
273.1,255,-120.16
273.2,255,-125.62
273.3,255,-130.18
273.4,255,-137.47
273.5,255,-146.38
273.6,255,-158.16
273.7,255,-167.83
273.8,255,-178.1
273.9,255,-7.37
274,255,-16.17
274.1,255,-21.17
274.2,255,-22.64
274.3,255,-24.42
274.4,255,-27.77
274.5,255,-34.06
274.6,255,-40.81
274.7,255,-49.19
274.8,255,-56.12
274.9,255,-62.65
275,255,-67.29
275.1,255,-74.24
275.2,255,-80.15
275.3,255,-87.09
275.4,255,-93.77
275.5,255,-100.62
275.6,255,-106.95
275.7,255,-111.49
275.8,255,-115.07
275.9,255,-115.92
276,255,-116.06
276.1,255,-117.35
276.2,255,-121.59
276.3,255,-129.05
276.4,255,-136.07
276.5,255,-143.5
276.6,255,-150.52
276.7,255,-159.31
276.8,255,-168.03
276.9,255,-178.14
277,255,-6.9
277.1,255,-16.93
277.2,255,-25.09
277.3,255,-33.13
277.4,255,-39.43
277.5,255,-46.36
277.6,255,-52.01
277.7,255,-56.48
277.8,255,-59.94
277.9,255,-64.94
278,255,-71.5
278.1,255,-79.38
278.2,255,-89.35
278.3,255,-97.29
278.4,255,-105.46
278.5,255,-111.06
278.6,255,-115.7
278.7,255,-119.86
278.8,255,-125.33
278.9,255,-132.78
279,255,-141.33
279.1,255,-150.43
279.2,255,-157.81
279.3,255,-166.72
279.4,255,-174.58
279.5,255,-2.94
279.6,255,-10.77
279.7,255,-20.43
279.8,255,-28.54
279.9,255,-36.33
280,255,-42.57
280.1,255,-48.17
280.2,255,-54.9
280.3,255,-60.67
280.4,255,-65.74
280.5,255,-70.27
280.6,255,-74.97
280.7,255,-78.53
280.8,255,-83.63
280.9,255,-91.05
281,255,-98.9
281.1,255,-107.15
281.2,255,-114.49
281.3,255,-121.4
281.4,255,-125.16
281.5,255,-126.83
281.6,255,-128.62
281.7,255,-131.89
281.8,255,-138.04
281.9,255,-146.55
282,255,-154.26
282.1,255,-163.31
282.2,255,-173
282.3,255,-1.55
282.4,255,-9.53
282.5,255,-18.9
282.6,255,-28.58
282.7,255,-35.8
282.8,255,-41.3
282.9,255,-47.02
283,255,-55.25
283.1,255,-62.03
283.2,255,-67.64
283.3,255,-72.42
283.4,255,-78.07
283.5,255,-83.54
283.6,255,-91.4
283.7,255,-100.28
283.8,255,-107.33
283.9,255,-114.12
284,255,-120.74
284.1,255,-124.41
284.2,255,-126.36
284.3,255,-128.57
284.4,255,-132.31
284.5,255,-138.83
284.6,255,-145.97
284.7,255,-152.99
284.8,255,-157.82
284.9,255,-161.54
285,255,-163.6
285.1,255,-166.48
285.2,255,-173.22
285.3,255,-3.23
285.4,255,-15.19
285.5,255,-26.61
285.6,255,-38.76
285.7,255,-49.36
285.8,255,-58.5
285.9,255,-62.5
286,255,-65.79
286.1,255,-68.43
286.2,255,-72.56
286.3,255,-76.65
286.4,255,-81.48
286.5,255,-86.57
286.6,255,-91.7
286.7,255,-96.76
286.8,255,-101.79
286.9,255,-106.68
287,255,-111.85
287.1,255,-118.3
287.2,255,-123.96
287.3,255,-131.13
287.4,255,-136.35
287.5,255,-141.17
287.6,255,-144.25
287.7,255,-149.57
287.8,255,-156.22
287.9,255,-163.92
288,255,-169.66
288.1,255,-173.53
288.2,255,-178.76
288.3,255,-6.45
288.4,255,-16.9
288.5,255,-26.2
288.6,255,-36.02
288.7,255,-44.49
288.8,255,-52.24
288.9,255,-56.17
289,255,-59.68
289.1,255,-63.35
289.2,255,-68.86
289.3,255,-76.1
289.4,255,-83.81
289.5,255,-93.46
289.6,255,-101.45
289.7,255,-109.08
289.8,255,-114.95
289.9,255,-122.16
290,255,-129.22
290.1,255,-136.4
290.2,255,-144.17
290.3,255,-151.4
290.4,255,-160.08
290.5,255,-167.63
290.6,255,-173.31
290.7,255,-175.86
290.8,255,-177.4
290.9,255,-0.52
291,255,-5.68
291.1,255,-14.03
291.2,255,-23.75
291.3,255,-33.38
291.4,255,-41.29
291.5,255,-49.87
291.6,255,-56.5
291.7,255,-62.73
291.8,255,-65.94
291.9,255,-68.95
292,255,-73.49
292.1,255,-81.17
292.2,255,-89.34
292.3,255,-95.45
292.4,255,-102.63
292.5,255,-107.91
292.6,255,-111.92
292.7,255,-115.69
292.8,255,-120.91
292.9,255,-126.56
293,255,-134.05
293.1,255,-141.56
293.2,255,-150.42
293.3,255,-158.87
293.4,255,-165.14
293.5,255,-171.4
293.6,255,-176.11
293.7,255,-0.85
293.8,255,-4.01
293.9,255,-9.61
294,255,-15.73
294.1,255,-23.74
294.2,255,-33.4
294.3,255,-42.04
294.4,255,-50.55
294.5,255,-57.55
294.6,255,-63.47
294.7,255,-67.12
294.8,255,-71.7
294.9,255,-76.79
295,255,-83.93
295.1,255,-90.26
295.2,255,-97.73
295.3,255,-104.23
295.4,255,-110.18
295.5,255,-115.14
295.6,255,-118.42
295.7,255,-122.91
295.8,255,-129.5
295.9,255,-136.79
296,255,-143.66
296.1,255,-151.15
296.2,255,-157.2
296.3,255,-163.41
296.4,255,-168.48
296.5,255,-173.94
296.6,255,-176.4
296.7,255,-178.62
296.8,255,-3.57
296.9,255,-9.89
297,255,-18.15
297.1,255,-18.15
297.2,0,-18.15
297.3,0,-18.15
297.4,0,-18.15
297.5,0,-18.15
297.6,0,-18.15
297.7,0,-18.15
297.8,0,-18.15
297.9,0,-18.15
298,0,-18.15
298.1,0,-18.15
298.2,0,-18.15
298.3,0,-18.15
298.4,0,-18.15
298.5,0,-18.15
298.6,0,-18.15
298.7,0,-18.15
298.8,0,-18.15
298.9,0,-18.15
299,0,-18.15
299.1,0,-18.15
299.2,0,-18.15
299.3,0,-18.15
299.4,0,-18.15
299.5,0,-18.15
299.6,0,-18.15
299.7,0,-18.15
299.8,0,-18.15
299.9,0,-18.15
300,0,-18.15
300.1,0,-18.15
300.2,0,-18.15
300.3,0,-18.15
300.4,0,-18.15
300.5,0,-18.15
300.6,0,-18.15
300.7,0,-18.15
300.8,0,-18.15
300.9,0,-18.15
301,0,-18.15
301.1,0,-18.15
301.2,0,-18.15
301.3,0,-18.15
301.4,0,-18.15
301.5,0,-18.15
301.6,0,-18.15
301.7,0,-18.15
301.8,0,-18.15
301.9,0,-18.15
302,0,-18.15
302.1,0,-18.15
302.2,0,-18.15
302.3,0,-18.15
302.4,0,-18.15
302.5,0,-18.15
302.6,0,-18.15
302.7,0,-18.15
302.8,0,-18.15
302.9,0,-18.15
303,0,-18.15
303.1,0,-18.15
303.2,0,-18.15
303.3,0,-18.15
303.4,0,-18.15
303.5,0,-18.15
303.6,0,-18.15
303.7,0,-18.15
303.8,0,-18.15
303.9,0,-18.15
304,0,-18.15
304.1,0,-18.15
304.2,0,-18.15
304.3,0,-18.15
304.4,0,-18.15
304.5,0,-18.15
304.6,0,-18.15
304.7,0,-18.15
304.8,0,-18.15
304.9,0,-18.15
305,0,-18.15
305.1,0,-18.15
305.2,0,-18.15
305.3,0,-18.15
305.4,0,-18.15
305.5,0,-18.15
305.6,0,-18.15
305.7,0,-18.15
305.8,0,-18.15
305.9,0,-18.15
306,0,-18.15
306.1,0,-18.15
306.2,0,-18.15
306.3,0,-18.15
306.4,0,-18.15
306.5,0,-18.15
306.6,0,-18.15
306.7,0,-18.15
306.8,0,-18.15
306.9,0,-18.15
307,0,-18.15
307.1,0,-18.15
307.2,0,-18.15
307.3,0,-18.15
307.4,0,-18.15
307.5,0,-18.15
307.6,0,-18.15
307.7,0,-18.15
307.8,0,-18.15
307.9,0,-18.15
308,0,-18.15
308.1,0,-18.15
308.2,0,-18.15
308.3,0,-18.15
308.4,0,-18.15
308.5,0,-18.15
308.6,0,-18.15
308.7,0,-18.15
308.8,0,-18.15
308.9,0,-18.15
309,0,-18.15
309.1,0,-18.15
309.2,0,-18.15
309.3,0,-18.15
309.4,0,-18.15
309.5,0,-18.15
309.6,0,-18.15
309.7,0,-18.15
309.8,0,-18.15
309.9,0,-18.15
310,0,-18.15
310.1,0,-18.15
310.2,0,-18.15
310.3,0,-18.15
310.4,0,-18.15
310.5,0,-18.15
310.6,0,-18.15
310.7,0,-18.15
310.8,0,-18.15
310.9,0,-18.15
311,0,-18.15
311.1,0,-18.15
311.2,0,-18.15
311.3,0,-18.15
311.4,0,-18.15
311.5,0,-18.15
311.6,0,-18.15
311.7,0,-18.15
311.8,0,-18.15
311.9,0,-18.15
312,0,-18.15
312.1,0,-18.15
312.2,0,-18.15
312.3,0,-18.15
312.4,0,-18.15
312.5,0,-18.15
312.6,0,-18.15
312.7,0,-18.15
312.8,0,-18.15
312.9,0,-18.15
313,0,-18.15
313.1,0,-18.15
313.2,0,-18.15
313.3,0,-18.15
313.4,0,-18.15
313.5,0,-18.15
313.6,0,-18.15
313.7,0,-18.15
313.8,0,-18.15
313.9,0,-18.15
314,0,-18.15
314.1,0,-18.15
314.2,0,-18.15
314.3,0,-18.15
314.4,0,-18.15
314.5,0,-18.15
314.6,0,-18.15
314.7,0,-18.15
314.8,0,-18.15
314.9,0,-18.15
315,0,-18.15
315.1,0,-18.15
315.2,0,-18.15
315.3,0,-18.15
315.4,0,-18.15
315.5,0,-18.15
315.6,0,-18.15
315.7,0,-18.15
315.8,0,-18.15
315.9,0,-18.15
316,0,-18.15
316.1,0,-18.15
316.2,0,-18.15
316.3,0,-18.15
316.4,0,-18.15
316.5,0,-18.15
316.6,0,-18.15
316.7,0,-18.15
316.8,0,-18.15
316.9,0,-18.15
317,0,-18.15
317.1,0,-18.15
317.2,0,-18.15
317.3,0,-18.15
317.4,0,-18.15
317.5,0,-18.15
317.6,0,-18.15
317.7,0,-18.15
317.8,0,-18.15
317.9,0,-18.15
318,0,-18.15
318.1,0,-18.15
318.2,0,-18.15
318.3,0,-18.15
318.4,0,-18.15
318.5,0,-18.15
318.6,0,-18.15
318.7,0,-18.15
318.8,0,-18.15
318.9,0,-18.15
319,0,-18.15
319.1,0,-18.15
319.2,0,-18.15
319.3,0,-18.15
319.4,0,-18.15
319.5,0,-18.15
319.6,0,-18.15
319.7,0,-18.15
319.8,0,-18.15
319.9,0,-18.15
320,0,-18.15
320.1,0,-18.15
320.2,0,-18.15
320.3,0,-18.15
320.4,0,-18.15
320.5,0,-18.15
320.6,0,-18.15
320.7,0,-18.15
320.8,0,-18.15
320.9,0,-18.15
321,0,-18.15
321.1,0,-18.15
321.2,0,-18.15
321.3,0,-18.15
321.4,0,-18.15
321.5,0,-18.15
321.6,0,-18.15
321.7,0,-18.15
321.8,0,-18.15
321.9,0,-18.15
322,0,-18.15
322.1,0,-18.15
322.2,0,-18.15
322.3,0,-18.15
322.4,0,-18.15
322.5,0,-18.15
322.6,0,-18.15
322.7,0,-18.15
322.8,0,-18.15
322.9,0,-18.15
323,0,-18.15
323.1,0,-18.15
323.2,0,-18.15
323.3,0,-18.15
323.4,0,-18.15
323.5,0,-18.15
323.6,0,-18.15
323.7,0,-18.15
323.8,0,-18.15
323.9,0,-18.15
324,0,-18.15
324.1,0,-18.15
324.2,0,-18.15
324.3,0,-18.15
324.4,0,-18.15
324.5,0,-18.15
324.6,0,-18.15
324.7,0,-18.15
324.8,0,-18.15
324.9,0,-18.15
325,0,-18.15
325.1,0,-18.15
325.2,0,-18.15
325.3,0,-18.15
325.4,0,-18.15
325.5,0,-18.15
325.6,0,-18.15
325.7,0,-18.15
325.8,0,-18.15
325.9,0,-18.15
326,0,-18.15
326.1,0,-18.15
326.2,0,-18.15
326.3,0,-18.15
326.4,0,-18.15
326.5,0,-18.15
326.6,0,-18.15
326.7,0,-18.15
326.8,0,-18.15
326.9,0,-18.15
327,0,-18.15
327.1,0,-18.15
327.2,0,-18.15
327.3,0,-18.15
327.4,0,-18.15
327.5,0,-18.15
327.6,0,-18.15
327.7,0,-18.15
327.8,0,-18.15
327.9,0,-18.15
328,0,-18.15
328.1,0,-18.15
328.2,0,-18.15
328.3,0,-18.15
328.4,0,-18.15
328.5,0,-18.15
328.6,0,-18.15
328.7,0,-18.15
328.8,0,-18.15
328.9,0,-18.15
329,0,-18.15
329.1,0,-18.15
329.2,0,-18.15
329.3,0,-18.15
329.4,0,-18.15
329.5,0,-18.15
329.6,0,-18.15
329.7,0,-18.15
329.8,0,-18.15
329.9,0,-18.15
330,0,-18.15
330.1,0,-18.15
330.2,0,-18.15
330.3,0,-18.15
330.4,0,-18.15
330.5,0,-18.15
330.6,0,-18.15
330.7,0,-18.15
330.8,0,-18.15
330.9,0,-18.15
331,0,-18.15
331.1,0,-18.15
331.2,0,-18.15
331.3,0,-18.15
331.4,0,-18.15
331.5,0,-18.15
331.6,0,-18.15
331.7,0,-18.15
331.8,0,-18.15
331.9,0,-18.15
332,0,-18.15
332.1,0,-18.15
332.2,0,-18.15
332.3,0,-18.15
332.4,0,-18.15
332.5,0,-18.15
332.6,0,-18.15
332.7,0,-18.15
332.8,0,-18.15
332.9,0,-18.15
333,0,-18.15
333.1,0,-18.15
333.2,0,-18.15
333.3,0,-18.15
333.4,0,-18.15
333.5,0,-18.15
333.6,0,-18.15
333.7,0,-18.15
333.8,0,-18.15
333.9,0,-18.15
334,0,-18.15
334.1,0,-18.15
334.2,0,-18.15
334.3,0,-18.15
334.4,0,-18.15
334.5,0,-18.15
334.6,0,-18.15
334.7,0,-18.15
334.8,0,-18.15
334.9,0,-18.15
335,0,-18.15
335.1,0,-18.15
335.2,0,-18.15
335.3,0,-18.15
335.4,0,-18.15
335.5,0,-18.15
335.6,0,-18.15
335.7,0,-18.15
335.8,0,-18.15
335.9,0,-18.15
336,0,-18.15
336.1,0,-18.15
336.2,0,-18.15
336.3,0,-18.15
336.4,0,-18.15
336.5,0,-18.15
336.6,0,-18.15
336.7,0,-18.15
336.8,0,-18.15
336.9,0,-18.15
337,0,-18.15
337.1,0,-18.15
337.2,0,-18.15
337.3,0,-18.15
337.4,0,-18.15
337.5,0,-18.15
337.6,0,-18.15
337.7,0,-18.15
337.8,0,-18.15
337.9,0,-18.15
338,0,-18.15
338.1,0,-18.15
338.2,0,-18.15
338.3,0,-18.15
338.4,0,-18.15
338.5,0,-18.15
338.6,0,-18.15
338.7,0,-18.15
338.8,0,-18.15
338.9,0,-18.15
339,0,-18.15
339.1,0,-18.15
339.2,0,-18.15
339.3,0,-18.15
339.4,0,-18.15
339.5,0,-18.15
339.6,0,-18.15
339.7,0,-18.15
339.8,0,-18.15
339.9,0,-18.15
340,0,-18.15
340.1,0,-18.15
340.2,0,-18.15
340.3,0,-18.15
340.4,0,-18.15
340.5,0,-18.15
340.6,0,-18.15
340.7,0,-18.15
340.8,0,-18.15
340.9,0,-18.15
341,0,-18.15
341.1,0,-18.15
341.2,0,-18.15
341.3,0,-18.15
341.4,0,-18.15
341.5,0,-18.15
341.6,0,-18.15
341.7,0,-18.15
341.8,0,-18.15
341.9,0,-18.15
342,0,-18.15
342.1,0,-18.15
342.2,0,-18.15
342.3,0,-18.15
342.4,0,-18.15
342.5,0,-18.15
342.6,0,-18.15
342.7,0,-18.15
342.8,0,-18.15
342.9,0,-18.15
343,0,-18.15
343.1,0,-18.15
343.2,0,-18.15
343.3,0,-18.15
343.4,0,-18.15
343.5,0,-18.15
343.6,0,-18.15
343.7,0,-18.15
343.8,0,-18.15
343.9,0,-18.15
344,0,-18.15
344.1,0,-18.15
344.2,0,-18.15
344.3,0,-18.15
344.4,0,-18.15
344.5,0,-18.15
344.6,0,-18.15
344.7,0,-18.15
344.8,0,-18.15
344.9,0,-18.15
345,0,-18.15
345.1,0,-18.15
345.2,0,-18.15
345.3,0,-18.15
345.4,0,-18.15
345.5,0,-18.15
345.6,0,-18.15
345.7,0,-18.15
345.8,0,-18.15
345.9,0,-18.15
346,0,-18.15
346.1,0,-18.15
346.2,0,-18.15
346.3,0,-18.15
346.4,0,-18.15
346.5,0,-18.15
346.6,0,-18.15
346.7,0,-18.15
346.8,0,-18.15
346.9,0,-18.15
347,0,-18.15
347.1,0,-18.15
347.2,255,-21.22
347.3,255,-25.03
347.4,255,-27.91
347.5,255,-29.8
347.6,255,-30.75
347.7,255,-32.79
347.8,255,-35.33
347.9,255,-39.72
348,255,-45.63
348.1,255,-52.35
348.2,255,-60.08
348.3,255,-68.09
348.4,255,-79.45
348.5,255,-89.2
348.6,255,-98.53
348.7,255,-105.4
348.8,255,-112.59
348.9,255,-120.05
349,255,-127.17
349.1,255,-131.75
349.2,255,-137.08
349.3,255,-142.54
349.4,255,-146.4
349.5,255,-151.58
349.6,255,-159.39
349.7,255,-169.8
349.8,255,-177.45
349.9,255,-3.75
350,255,-9
350.1,255,-15.98
350.2,255,-23.42
350.3,255,-31.36
350.4,255,-39.6
350.5,255,-46.97
350.6,255,-55.35
350.7,255,-62.4
350.8,255,-70.56
350.9,255,-77.17
351,255,-85.59
351.1,255,-92.57
351.2,255,-99.74
351.3,255,-106.58
351.4,255,-113.45
351.5,255,-119.41
351.6,255,-124.57
351.7,255,-131.19
351.8,255,-137.12
351.9,255,-145.51
352,255,-153.89
352.1,255,-162.54
352.2,255,-171.21
352.3,255,-178.32
352.4,255,-3.54
352.5,255,-8.87
352.6,255,-14.22
352.7,255,-20.72
352.8,255,-29.97
352.9,255,-39.81
353,255,-50.07
353.1,255,-58.65
353.2,255,-68.18
353.3,255,-74.18
353.4,255,-77.88
353.5,255,-81.73
353.6,255,-86.32
353.7,255,-91.75
353.8,255,-99.34
353.9,255,-106.45
354,255,-111.19
354.1,255,-115.21
354.2,255,-118.29
354.3,255,-121.63
354.4,255,-126.87
354.5,255,-132.88
354.6,255,-138.2
354.7,255,-142.57
354.8,255,-147.66
354.9,255,-152.98
355,255,-161
355.1,255,-169.92
355.2,255,-178.95
355.3,255,-4.12
355.4,255,-8.84
355.5,255,-14.2
355.6,255,-21.43
355.7,255,-28.61
355.8,255,-37.52
355.9,255,-46
356,255,-54.81
356.1,255,-61.79
356.2,255,-69.16
356.3,255,-75.52
356.4,255,-81.9
356.5,255,-89.44
356.6,255,-96.33
356.7,255,-102.62
356.8,255,-107.69
356.9,255,-112.92
357,255,-116.88
357.1,255,-120.73
357.2,255,-125.6
357.3,255,-129.63
357.4,255,-135.36
357.5,255,-140.88
357.6,255,-148
357.7,255,-153.13
357.8,255,-157.19
357.9,255,-160.99
358,255,-166.12
358.1,255,-171.78
358.2,255,-178.49
358.3,255,-3.78
358.4,255,-8.3
358.5,255,-12.84
358.6,255,-17.96
358.7,255,-24.15
358.8,255,-29.84
358.9,255,-36.26
359,255,-42.23
359.1,255,-47.79
359.2,255,-52.08
359.3,255,-57.45
359.4,255,-65.14
359.5,255,-73.65
359.6,255,-81.56
359.7,255,-87.69
359.8,255,-94.64
359.9,255,-100.79
360,255,-105.69
360.1,255,-108.6
360.2,255,-111.59
360.3,255,-115.5
360.4,255,-120.45
360.5,255,-127.11
360.6,255,-132.69
360.7,255,-138.33
360.8,255,-142.52
360.9,255,-146.8
361,255,-151.33
361.1,255,-156.75
361.2,255,-161.76
361.3,255,-169.39
361.4,255,-175.79
361.5,255,-3.58
361.6,255,-9.99
361.7,255,-16.82
361.8,255,-22.94
361.9,255,-26.98
362,255,-31.27
362.1,255,-35.66
362.2,255,-40.04
362.3,255,-44.32
362.4,255,-50.64
362.5,255,-56.88
362.6,255,-62.87
362.7,255,-69.46
362.8,255,-73.88
362.9,255,-75.9
363,255,-76.76
363.1,255,-79.33
363.2,255,-84.36
363.3,255,-91.82
363.4,255,-98.5
363.5,255,-105.48
363.6,255,-110.72
363.7,255,-114.66
363.8,255,-117.03
363.9,255,-120.16
364,255,-123.87
364.1,255,-127.07
364.2,255,-129.94
364.3,255,-132.28
364.4,255,-133.87
364.5,255,-135.63
364.6,255,-139.42
364.7,255,-143.71
364.8,255,-150.78
364.9,255,-157.48
365,255,-163.84
365.1,255,-169.04
365.2,255,-172.83
365.3,255,-178.3
365.4,255,-4.44
365.5,255,-12.37
365.6,255,-19.03
365.7,255,-25.57
365.8,255,-30.44
365.9,255,-34.24
366,255,-37.26
366.1,255,-40.05
366.2,255,-43.04
366.3,255,-48.16
366.4,255,-54.16
366.5,255,-60.04
366.6,255,-65.49
366.7,255,-70.51
366.8,255,-76.45
366.9,255,-80.62
367,255,-84.69
367.1,255,-88.6
367.2,255,-93.93
367.3,255,-102.09
367.4,255,-108.95
367.5,255,-115.69
367.6,255,-120.44
367.7,255,-124.87
367.8,255,-129.45
367.9,255,-133.45
368,255,-134.66
368.1,255,-135.14
368.2,255,-136.11
368.3,255,-138.12
368.4,255,-142.02
368.5,255,-145.61
368.6,255,-149.04
368.7,255,-152.22
368.8,255,-156.89
368.9,255,-162.69
369,255,-169.41
369.1,255,-173.57
369.2,255,-177.59
369.3,255,-4.21
369.4,255,-11.87
369.5,255,-21.13
369.6,255,-29.24
369.7,255,-36.21
369.8,255,-40.37
369.9,255,-42.44
370,255,-43.74
370.1,255,-47.28
370.2,255,-51.92
370.3,255,-58.01
370.4,255,-65.47
370.5,255,-71.21
370.6,255,-76.69
370.7,255,-82.92
370.8,255,-90.03
370.9,255,-95.85
371,255,-100.07
371.1,255,-104.6
371.2,255,-110.73
371.3,255,-116.97
371.4,255,-123.16
371.5,255,-128.43
371.6,255,-133.8
371.7,255,-139.27
371.8,255,-143.78
371.9,255,-147.72
372,255,-150.12
372.1,255,-151.36
372.2,255,-153.54
372.3,255,-158.49
372.4,255,-163.69
372.5,255,-169.85
372.6,255,-175.27
372.7,255,-0.4
372.8,255,-3.17
372.9,255,-5.96
373,255,-8.78
373.1,255,-12.37
373.2,255,-18.19
373.3,255,-24.29
373.4,255,-31.16
373.5,255,-35.93
373.6,255,-40.21
373.7,255,-43.38
373.8,255,-47.8
373.9,255,-51.63
374,255,-57.5
374.1,255,-62.82
374.2,255,-68.85
374.3,255,-73.89
374.4,255,-78.95
374.5,255,-83.67
374.6,255,-90.79
374.7,255,-100.86
374.8,255,-109.35
374.9,255,-114.94
375,255,-120.94
375.1,255,-126.93
375.2,255,-130.64
375.3,255,-135.08
375.4,255,-140.22
375.5,255,-146.95
375.6,255,-152.28
375.7,255,-157.96
375.8,255,-162.27
375.9,255,-165.43
376,255,-167.99
376.1,255,-172.1
376.2,255,-178.91
376.3,255,-6.83
376.4,255,-15.96
376.5,255,-23.52
376.6,255,-31.46
376.7,255,-38.72
376.8,255,-43.96
376.9,255,-48.54
377,255,-52.22
377.1,255,-55.21
377.2,255,-57.24
377.3,255,-59.22
377.4,255,-61.89
377.5,255,-66.86
377.6,255,-72.19
377.7,255,-78.57
377.8,255,-82.72
377.9,255,-83.68
378,255,-83.98
378.1,255,-86.11
378.2,255,-89.23
378.3,255,-94.62
378.4,255,-101.98
378.5,255,-109.76
378.6,255,-119
378.7,255,-128.12
378.8,255,-138.03
378.9,255,-143.8
379,255,-148.47
379.1,255,-150.82
379.2,255,-154.32
379.3,255,-158.97
379.4,255,-163.7
379.5,255,-169.83
379.6,255,-175.97
379.7,255,-2.21
379.8,255,-6.29
379.9,255,-9.08
380,255,-10.91
380.1,255,-12.68
380.2,255,-16
380.3,255,-21.21
380.4,255,-27.13
380.5,255,-33.39
380.6,255,-40.6
380.7,255,-46.43
380.8,255,-52.75
380.9,255,-56.16
381,255,-59.56
381.1,255,-63.03
381.2,255,-68.24
381.3,255,-73.77
381.4,255,-80.64
381.5,255,-87.57
381.6,255,-95.59
381.7,255,-102.8
381.8,255,-110.26
381.9,255,-117.94
382,255,-122.75
382.1,255,-129.32
382.2,255,-136.94
382.3,255,-145.44
382.4,255,-152.35
382.5,255,-159.79
382.6,255,-164.72
382.7,255,-170.04
382.8,255,-174.8
382.9,255,-179.52
383,255,-3.98
383.1,255,-7.91
383.2,255,-12.68
383.3,255,-18.41
383.4,255,-26.69
383.5,255,-33.59
383.6,255,-42.18
383.7,255,-48.56
383.8,255,-54.19
383.9,255,-58.47
384,255,-63.2
384.1,255,-68.51
384.2,255,-75.78
384.3,255,-84.07
384.4,255,-91.62
384.5,255,-100.32
384.6,255,-108.04
384.7,255,-117.09
384.8,255,-124.01
384.9,255,-130.25
385,255,-135.41
385.1,255,-141.5
385.2,255,-146.97
385.3,255,-152.65
385.4,255,-157.1
385.5,255,-161.35
385.6,255,-164.16
385.7,255,-167.69
385.8,255,-171.98
385.9,255,-175.04
386,255,-176.56
386.1,255,-177.91
386.2,255,-1.57
386.3,255,-6.46
386.4,255,-13.34
386.5,255,-19.45
386.6,255,-25.43
386.7,255,-31.51
386.8,255,-36.79
386.9,255,-40.95
387,255,-44.63
387.1,255,-49.21
387.2,255,-53.44
387.3,255,-60.04
387.4,255,-66.99
387.5,255,-75.15
387.6,255,-82.81
387.7,255,-89.12
387.8,255,-96.33
387.9,255,-102.48
388,255,-108.97
388.1,255,-113.56
388.2,255,-119.28
388.3,255,-125.36
388.4,255,-133.43
388.5,255,-140.36
388.6,255,-148.55
388.7,255,-156.16
388.8,255,-161.86
388.9,255,-167.08
389,255,-171.1
389.1,255,-175.44
389.2,255,-0.17
389.3,255,-6.32
389.4,255,-11.71
389.5,255,-18.09
389.6,255,-23.17
389.7,255,-29.78
389.8,255,-36.36
389.9,255,-41.34
390,255,-46.71
390.1,255,-51.16
390.2,255,-56.68
390.3,255,-62.01
390.4,255,-66.54
390.5,255,-70.39
390.6,255,-75.4
390.7,255,-80.57
390.8,255,-87.19
390.9,255,-94.01
391,255,-100.63
391.1,255,-107.73
391.2,255,-113.69
391.3,255,-120.3
391.4,255,-126.81
391.5,255,-135.44
391.6,255,-142.5
391.7,255,-149.87
391.8,255,-155.18
391.9,255,-161.22
392,255,-165.38
392.1,255,-168.38
392.2,255,-171.11
392.3,255,-175.56
392.4,255,-0.85
392.5,255,-7.43
392.6,255,-13.91
392.7,255,-19.29
392.8,255,-24.78
392.9,255,-27.79
393,255,-31.24
393.1,255,-35.18
393.2,255,-40.9
393.3,255,-47.3
393.4,255,-54.34
393.5,255,-59.96
393.6,255,-65.36
393.7,255,-70.6
393.8,255,-75.02
393.9,255,-79.34
394,255,-83.27
394.1,255,-87.09
394.2,255,-92.08
394.3,255,-98.21
394.4,255,-104.44
394.5,255,-112.19
394.6,255,-118.52
394.7,255,-125.55
394.8,255,-132.18
394.9,255,-139.5
395,255,-145.48
395.1,255,-149.44
395.2,255,-155.18
395.3,255,-160.48
395.4,255,-166.92
395.5,255,-172.57
395.6,255,-178.22
395.7,255,-3.04
395.8,255,-8.37
395.9,255,-13.05
396,255,-17.36
396.1,255,-20.96
396.2,255,-25.61
396.3,255,-31.41
396.4,255,-37.3
396.5,255,-44.31
396.6,255,-50.41
396.7,255,-57.16
396.8,255,-63.56
396.9,255,-70.02
397,255,0.01
397.1,255,-1.12
397.2,255,-3.56
397.3,255,-6.7
397.4,255,-8.59
397.5,255,-9.52
397.6,255,-11.76
397.7,255,-15.35
397.8,255,-21.08
397.9,255,-28.83
398,255,-40.08
398.1,255,-50.28
398.2,255,-62.27
398.3,255,-73.77
398.4,255,-87.51
398.5,255,-101.98
398.6,255,-112.32
398.7,255,-120.39
398.8,255,-126.15
398.9,255,-132.57
399,255,-138.11
399.1,255,-146.39
399.2,255,-156.72
399.3,255,-167.17
399.4,255,-179.93
399.5,255,-11.21
399.6,255,-23.57
399.7,255,-33.2
399.8,255,-42.44
399.9,255,-50.54
400,255,-60.14
400.1,255,-68.91
400.2,255,-77.28
400.3,255,-86.1
400.4,255,-93.39
400.5,255,-101.04
400.6,255,-107.5
400.7,255,-115.13
400.8,255,-122.36
400.9,255,-129.67
401,255,-136.2
401.1,255,-141.6
401.2,255,-147.49
401.3,255,-154.74
401.4,255,-161.24
401.5,255,-167.41
401.6,255,-176.2
401.7,255,-4.92
401.8,255,-14.07
401.9,255,-21.03
402,255,-28.7
402.1,255,-35.96
402.2,255,-42.93
402.3,255,-48.97
402.4,255,-54.72
402.5,255,-62.05
402.6,255,-69.16
402.7,255,-77.67
402.8,255,-85.15
402.9,255,-94.45
403,255,-102.56
403.1,255,-109.47
403.2,255,-115.19
403.3,255,-121.3
403.4,255,-127.66
403.5,255,-132.85
403.6,255,-138.28
403.7,255,-143.63
403.8,255,-149.61
403.9,255,-155.11
404,255,-161.22
404.1,255,-167.25
404.2,255,-174.55
404.3,255,-1.92
404.4,255,-10.95
404.5,255,-17.86
404.6,255,-24.03
404.7,255,-29.26
404.8,255,-33.6
404.9,255,-37.2
405,255,-40.38
405.1,255,-44.46
405.2,255,-48.7
405.3,255,-55.97
405.4,255,-63.43
405.5,255,-72.14
405.6,255,-79.87
405.7,255,-85.8
405.8,255,-90.96
405.9,255,-95.81
406,255,-100.98
406.1,255,-105.99
406.2,255,-112.45
406.3,255,-118.46
406.4,255,-125.42
406.5,255,-130.41
406.6,255,-133.61
406.7,255,-137.12
406.8,255,-140.56
406.9,255,-144.17
407,255,-147.46
407.1,255,-151.89
407.2,255,-156.29
407.3,255,-162.01
407.4,255,-168.84
407.5,255,-174.45
407.6,255,-0.85
407.7,255,-6.93
407.8,255,-12.77
407.9,255,-16.87
408,255,-21.01
408.1,255,-25.69
408.2,255,-31.9
408.3,255,-40.39
408.4,255,-47.68
408.5,255,-54.47
408.6,255,-59.13
408.7,255,-64.35
408.8,255,-68.74
408.9,255,-72.89
409,255,-76.89
409.1,255,-80.65
409.2,255,-86.13
409.3,255,-92.93
409.4,255,-100.38
409.5,255,-107.06
409.6,255,-114.57
409.7,255,-120.75
409.8,255,-125.13
409.9,255,-127.78
410,255,-131.27
410.1,255,-135.65
410.2,255,-141.11
410.3,255,-145.54
410.4,255,-147.87
410.5,255,-148.29
410.6,255,-148.31
410.7,255,-148.41
410.8,255,-148.71
410.9,255,-149.3
411,255,-149.74
411.1,255,-150.61
411.2,255,-152.56
411.3,255,-156.95
411.4,255,-163.38
411.5,255,-170.26
411.6,255,-177.65
411.7,255,-1.91
411.8,255,-5.02
411.9,255,-10.15
412,255,-16.78
412.1,255,-23.77
412.2,255,-32.63
412.3,255,-41.52
412.4,255,-50.27
412.5,255,-57.03
412.6,255,-61.9
412.7,255,-66.17
412.8,255,-69.71
412.9,255,-75.03
413,255,-79.97
413.1,255,-87.33
413.2,255,-95.23
413.3,255,-102.8
413.4,255,-110.63
413.5,255,-116.88
413.6,255,-122.71
413.7,255,-126.46
413.8,255,-131.1
413.9,255,-135.23
414,255,-141.08
414.1,255,-147.09
414.2,255,-152.92
414.3,255,-156.49
414.4,255,-161.24
414.5,255,-167.14
414.6,255,-172.8
414.7,255,-0.17
414.8,255,-7.62
414.9,255,-16.46
415,255,-24.2
415.1,255,-31.62
415.2,255,-37.39
415.3,255,-44.21
415.4,255,-50.77
415.5,255,-55.64
415.6,255,-60.03
415.7,255,-63.36
415.8,255,-67.02
415.9,255,-72.09
416,255,-80.17
416.1,255,-87.94
416.2,255,-97.6
416.3,255,-105.25
416.4,255,-112.06
416.5,255,-117.37
416.6,255,-123.38
416.7,255,-128.38
416.8,255,-131.86
416.9,255,-135.85
417,255,-138.84
417.1,255,-142.83
417.2,255,-146.37
417.3,255,-151.88
417.4,255,-157.67
417.5,255,-162.26
417.6,255,-167.06
417.7,255,-172.38
417.8,255,-179.94
417.9,255,-7.4
418,255,-16.39
418.1,255,-23.84
418.2,255,-31.7
418.3,255,-38.63
418.4,255,-45.98
418.5,255,-52.4
418.6,255,-56.51
418.7,255,-60.16
418.8,255,-62.83
418.9,255,-67.31
419,255,-72.75
419.1,255,-79.17
419.2,255,-86.27
419.3,255,-93.28
419.4,255,-101.68
419.5,255,-110.91
419.6,255,-117.49
419.7,255,-122.97
419.8,255,-129.85
419.9,255,-136.57
420,255,-144.35
420.1,255,-150.18
420.2,255,-156.38
420.3,255,-162.23
420.4,255,-167.54
420.5,255,-169.99
420.6,255,-171.08
420.7,255,-172.07
420.8,255,-174.35
420.9,255,-1.37
421,255,-10.3
421.1,255,-21.37
421.2,255,-31.37
421.3,255,-41.25
421.4,255,-48.63
421.5,255,-56.9
421.6,255,-62.83
421.7,255,-69.34
421.8,255,-76.01
421.9,255,-81.08
422,255,-85.74
422.1,255,-91.87
422.2,255,-100.99
422.3,255,-110.03
422.4,255,-118.26
422.5,255,-123.92
422.6,255,-129.77
422.7,255,-136.65
422.8,255,-143.56
422.9,255,-149.2
423,255,-153.23
423.1,255,-158.42
423.2,255,-163.18
423.3,255,-168.07
423.4,255,-171.98
423.5,255,-173.7
423.6,255,-175.68
423.7,255,-179.61
423.8,255,-7.05
423.9,255,-14.96
424,255,-23.31
424.1,255,-31.4
424.2,255,-40.15
424.3,255,-48.26
424.4,255,-55.19
424.5,255,-63.3
424.6,255,-68.56
424.7,255,-74.32
424.8,255,-80.02
424.9,255,-87.38
425,255,-94.98
425.1,255,-103.2
425.2,255,-107.97
425.3,255,-115.07
425.4,255,-121.85
425.5,255,-129.34
425.6,255,-136.59
425.7,255,-144.89
425.8,255,-154.01
425.9,255,-161.08
426,255,-168.18
426.1,255,-173.91
426.2,255,-179.46
426.3,255,-2.97
426.4,255,-6.44
426.5,255,-10.72
426.6,255,-19.55
426.7,255,-29.28
426.8,255,-40.22
426.9,255,-51.37
427,255,-61.72
427.1,255,-71.28
427.2,255,-76.77
427.3,255,-80.14
427.4,255,-83.22
427.5,255,-87.38
427.6,255,-92.83
427.7,255,-100.84
427.8,255,-108.9
427.9,255,-118.35
428,255,-127.61
428.1,255,-134.2
428.2,255,-138.79
428.3,255,-141.97
428.4,255,-145.44
428.5,255,-150.36
428.6,255,-156.57
428.7,255,-161.43
428.8,255,-167.65
428.9,255,-173.3
429,255,-179.21
429.1,255,-3.59
429.2,255,-8.67
429.3,255,-12.01
429.4,255,-14.97
429.5,255,-20.51
429.6,255,-27.19
429.7,255,-35.97
429.8,255,-44.02
429.9,255,-51.32
430,255,-56.79
430.1,255,-61.03
430.2,255,-65.35
430.3,255,-70.18
430.4,255,-75.44
430.5,255,-81.38
430.6,255,-88.01
430.7,255,-93.4
430.8,255,-98.8
430.9,255,-104.19
431,255,-112.35
431.1,255,-121.26
431.2,255,-128.61
431.3,255,-135.59
431.4,255,-140.23
431.5,255,-147.12
431.6,255,-153.46
431.7,255,-159.71
431.8,255,-164.01
431.9,255,-168.16
432,255,-172.03
432.1,255,-176.54
432.2,255,-2.11
432.3,255,-7.76
432.4,255,-14.28
432.5,255,-20.56
432.6,255,-27.27
432.7,255,-34.78
432.8,255,-41.07
432.9,255,-48.04
433,255,-54.05
433.1,255,-60.25
433.2,255,-65.7
433.3,255,-71.87
433.4,255,-76.76
433.5,255,-83.09
433.6,255,-88.96
433.7,255,-94.71
433.8,255,-100.04
433.9,255,-104.72
434,255,-111.27
434.1,255,-117.82
434.2,255,-125.98
434.3,255,-135.01
434.4,255,-143.64
434.5,255,-149.85
434.6,255,-157.8
434.7,255,-164.64
434.8,255,-171.63
434.9,255,-177.8
435,255,-1.56
435.1,255,-5.06
435.2,255,-9.13
435.3,255,-14.56
435.4,255,-19.18
435.5,255,-25.48
435.6,255,-30.14
435.7,255,-35.54
435.8,255,-42.19
435.9,255,-48.26
436,255,-55.05
436.1,255,-61.97
436.2,255,-68.84
436.3,255,-73.45
436.4,255,-80.1
436.5,255,-86.74
436.6,255,-95.81
436.7,255,-102.84
436.8,255,-110.1
436.9,255,-116.31
437,255,-123.33
437.1,255,-132.21
437.2,255,-139.68
437.3,255,-145.84
437.4,255,-151.47
437.5,255,-159.9
437.6,255,-167.74
437.7,255,-174.59
437.8,255,-178.84
437.9,255,-1.95
438,255,-4.52
438.1,255,-7.88
438.2,255,-12.17
438.3,255,-17.94
438.4,255,-23.62
438.5,255,-29.59
438.6,255,-36.31
438.7,255,-43.24
438.8,255,-51.41
438.9,255,-57.87
439,255,-64.18
439.1,255,-71.62
439.2,255,-77.42
439.3,255,-83.78
439.4,255,-89.38
439.5,255,-95.65
439.6,255,-101.55
439.7,255,-109.33
439.8,255,-115.58
439.9,255,-123.33
440,255,-131.37
440.1,255,-137.25
440.2,255,-140.71
440.3,255,-144.13
440.4,255,-147.18
440.5,255,-150.94
440.6,255,-157.7
440.7,255,-166.96
440.8,255,-179.14
440.9,255,-9.59
441,255,-19.99
441.1,255,-27.67
441.2,255,-33.26
441.3,255,-37.06
441.4,255,-41.12
441.5,255,-44.7
441.6,255,-48.66
441.7,255,-54.06
441.8,255,-60.11
441.9,255,-67.63
442,255,-75.36
442.1,255,-83.79
442.2,255,-90.33
442.3,255,-96.9
442.4,255,-103.41
442.5,255,-111.77
442.6,255,-120.33
442.7,255,-127.93
442.8,255,-135.24
442.9,255,-141.59
443,255,-150.29
443.1,255,-159.08
443.2,255,-167.82
443.3,255,-174.62
443.4,255,-1.31
443.5,255,-6.71
443.6,255,-13.71
443.7,255,-20.98
443.8,255,-26.74
443.9,255,-32.36
444,255,-38.44
444.1,255,-45.48
444.2,255,-50.12
444.3,255,-52.12
444.4,255,-53.06
444.5,255,-55.52
444.6,255,-60.15
444.7,255,-68.03
444.8,255,-76.59
444.9,255,-86.42
445,255,-95.79
445.1,255,-102.98
445.2,255,-109.76
445.3,255,-114.94
445.4,255,-118.6
445.5,255,-121.52
445.6,255,-126.96
445.7,255,-133.72
445.8,255,-142.76
445.9,255,-152.49
446,255,-161.18
446.1,255,-171.32
446.2,255,-179.57
446.3,255,-5.94
446.4,255,-11.29
446.5,255,-18.13
446.6,255,-22.87
446.7,255,-28.79
446.8,255,-34.62
446.9,255,-41.84
447,0,-41.84
447.1,0,-41.84
447.2,0,-41.84
447.3,0,-41.84
447.4,0,-41.84
447.5,0,-41.84
447.6,0,-41.84
447.7,0,-41.84
447.8,0,-41.84
447.9,0,-41.84
448,0,-41.84
448.1,0,-41.84
448.2,0,-41.84
448.3,0,-41.84
448.4,0,-41.84
448.5,0,-41.84
448.6,0,-41.84
448.7,0,-41.84
448.8,0,-41.84
448.9,0,-41.84
449,0,-41.84
449.1,0,-41.84
449.2,0,-41.84
449.3,0,-41.84
449.4,0,-41.84
449.5,0,-41.84
449.6,0,-41.84
449.7,0,-41.84
449.8,0,-41.84
449.9,0,-41.84
450,0,-41.84
450.1,0,-41.84
450.2,0,-41.84
450.3,0,-41.84
450.4,0,-41.84
450.5,0,-41.84
450.6,0,-41.84
450.7,0,-41.84
450.8,0,-41.84
450.9,0,-41.84
451,0,-41.84
451.1,0,-41.84
451.2,0,-41.84
451.3,0,-41.84
451.4,0,-41.84
451.5,0,-41.84
451.6,0,-41.84
451.7,0,-41.84
451.8,0,-41.84
451.9,0,-41.84
452,0,-41.84
452.1,0,-41.84
452.2,0,-41.84
452.3,0,-41.84
452.4,0,-41.84
452.5,0,-41.84
452.6,0,-41.84
452.7,0,-41.84
452.8,0,-41.84
452.9,0,-41.84
453,0,-41.84
453.1,0,-41.84
453.2,0,-41.84
453.3,0,-41.84
453.4,0,-41.84
453.5,0,-41.84
453.6,0,-41.84
453.7,0,-41.84
453.8,0,-41.84
453.9,0,-41.84
454,0,-41.84
454.1,0,-41.84
454.2,0,-41.84
454.3,0,-41.84
454.4,0,-41.84
454.5,0,-41.84
454.6,0,-41.84
454.7,0,-41.84
454.8,0,-41.84
454.9,0,-41.84
455,0,-41.84
455.1,0,-41.84
455.2,0,-41.84
455.3,0,-41.84
455.4,0,-41.84
455.5,0,-41.84
455.6,0,-41.84
455.7,0,-41.84
455.8,0,-41.84
455.9,0,-41.84
456,0,-41.84
456.1,0,-41.84
456.2,0,-41.84
456.3,0,-41.84
456.4,0,-41.84
456.5,0,-41.84
456.6,0,-41.84
456.7,0,-41.84
456.8,0,-41.84
456.9,0,-41.84
457,0,-41.84
457.1,0,-41.84
457.2,0,-41.84
457.3,0,-41.84
457.4,0,-41.84
457.5,0,-41.84
457.6,0,-41.84
457.7,0,-41.84
457.8,0,-41.84
457.9,0,-41.84
458,0,-41.84
458.1,0,-41.84
458.2,0,-41.84
458.3,0,-41.84
458.4,0,-41.84
458.5,0,-41.84
458.6,0,-41.84
458.7,0,-41.84
458.8,0,-41.84
458.9,0,-41.84
459,0,-41.84
459.1,0,-41.84
459.2,0,-41.84
459.3,0,-41.84
459.4,0,-41.84
459.5,0,-41.84
459.6,0,-41.84
459.7,0,-41.84
459.8,0,-41.84
459.9,0,-41.84
460,0,-41.84
460.1,0,-41.84
460.2,0,-41.84
460.3,0,-41.84
460.4,0,-41.84
460.5,0,-41.84
460.6,0,-41.84
460.7,0,-41.84
460.8,0,-41.84
460.9,0,-41.84
461,0,-41.84
461.1,0,-41.84
461.2,0,-41.84
461.3,0,-41.84
461.4,0,-41.84
461.5,0,-41.84
461.6,0,-41.84
461.7,0,-41.84
461.8,0,-41.84
461.9,0,-41.84
462,0,-41.84
462.1,0,-41.84
462.2,0,-41.84
462.3,0,-41.84
462.4,0,-41.84
462.5,0,-41.84
462.6,0,-41.84
462.7,0,-41.84
462.8,0,-41.84
462.9,0,-41.84
463,0,-41.84
463.1,0,-41.84
463.2,0,-41.84
463.3,0,-41.84
463.4,0,-41.84
463.5,0,-41.84
463.6,0,-41.84
463.7,0,-41.84
463.8,0,-41.84
463.9,0,-41.84
464,0,-41.84
464.1,0,-41.84
464.2,0,-41.84
464.3,0,-41.84
464.4,0,-41.84
464.5,0,-41.84
464.6,0,-41.84
464.7,0,-41.84
464.8,0,-41.84
464.9,0,-41.84
465,0,-41.84
465.1,0,-41.84
465.2,0,-41.84
465.3,0,-41.84
465.4,0,-41.84
465.5,0,-41.84
465.6,0,-41.84
465.7,0,-41.84
465.8,0,-41.84
465.9,0,-41.84
466,0,-41.84
466.1,0,-41.84
466.2,0,-41.84
466.3,0,-41.84
466.4,0,-41.84
466.5,0,-41.84
466.6,0,-41.84
466.7,0,-41.84
466.8,0,-41.84
466.9,0,-41.84
467,0,-41.84
467.1,0,-41.84
467.2,0,-41.84
467.3,0,-41.84
467.4,0,-41.84
467.5,0,-41.84
467.6,0,-41.84
467.7,0,-41.84
467.8,0,-41.84
467.9,0,-41.84
468,0,-41.84
468.1,0,-41.84
468.2,0,-41.84
468.3,0,-41.84
468.4,0,-41.84
468.5,0,-41.84
468.6,0,-41.84
468.7,0,-41.84
468.8,0,-41.84
468.9,0,-41.84
469,0,-41.84
469.1,0,-41.84
469.2,0,-41.84
469.3,0,-41.84
469.4,0,-41.84
469.5,0,-41.84
469.6,0,-41.84
469.7,0,-41.84
469.8,0,-41.84
469.9,0,-41.84
470,0,-41.84
470.1,0,-41.84
470.2,0,-41.84
470.3,0,-41.84
470.4,0,-41.84
470.5,0,-41.84
470.6,0,-41.84
470.7,0,-41.84
470.8,0,-41.84
470.9,0,-41.84
471,0,-41.84
471.1,0,-41.84
471.2,0,-41.84
471.3,0,-41.84
471.4,0,-41.84
471.5,0,-41.84
471.6,0,-41.84
471.7,0,-41.84
471.8,0,-41.84
471.9,0,-41.84
472,0,-41.84
472.1,0,-41.84
472.2,0,-41.84
472.3,0,-41.84
472.4,0,-41.84
472.5,0,-41.84
472.6,0,-41.84
472.7,0,-41.84
472.8,0,-41.84
472.9,0,-41.84
473,0,-41.84
473.1,0,-41.84
473.2,0,-41.84
473.3,0,-41.84
473.4,0,-41.84
473.5,0,-41.84
473.6,0,-41.84
473.7,0,-41.84
473.8,0,-41.84
473.9,0,-41.84
474,0,-41.84
474.1,0,-41.84
474.2,0,-41.84
474.3,0,-41.84
474.4,0,-41.84
474.5,0,-41.84
474.6,0,-41.84
474.7,0,-41.84
474.8,0,-41.84
474.9,0,-41.84
475,0,-41.84
475.1,0,-41.84
475.2,0,-41.84
475.3,0,-41.84
475.4,0,-41.84
475.5,0,-41.84
475.6,0,-41.84
475.7,0,-41.84
475.8,0,-41.84
475.9,0,-41.84
476,0,-41.84
476.1,0,-41.84
476.2,0,-41.84
476.3,0,-41.84
476.4,0,-41.84
476.5,0,-41.84
476.6,0,-41.84
476.7,0,-41.84
476.8,0,-41.84
476.9,0,-41.84
477,0,-41.84
477.1,0,-41.84
477.2,0,-41.84
477.3,0,-41.84
477.4,0,-41.84
477.5,0,-41.84
477.6,0,-41.84
477.7,0,-41.84
477.8,0,-41.84
477.9,0,-41.84
478,0,-41.84
478.1,0,-41.84
478.2,0,-41.84
478.3,0,-41.84
478.4,0,-41.84
478.5,0,-41.84
478.6,0,-41.84
478.7,0,-41.84
478.8,0,-41.84
478.9,0,-41.84
479,0,-41.84
479.1,0,-41.84
479.2,0,-41.84
479.3,0,-41.84
479.4,0,-41.84
479.5,0,-41.84
479.6,0,-41.84
479.7,0,-41.84
479.8,0,-41.84
479.9,0,-41.84
480,0,-41.84
480.1,0,-41.84
480.2,0,-41.84
480.3,0,-41.84
480.4,0,-41.84
480.5,0,-41.84
480.6,0,-41.84
480.7,0,-41.84
480.8,0,-41.84
480.9,0,-41.84
481,0,-41.84
481.1,0,-41.84
481.2,0,-41.84
481.3,0,-41.84
481.4,0,-41.84
481.5,0,-41.84
481.6,0,-41.84
481.7,0,-41.84
481.8,0,-41.84
481.9,0,-41.84
482,0,-41.84
482.1,0,-41.84
482.2,0,-41.84
482.3,0,-41.84
482.4,0,-41.84
482.5,0,-41.84
482.6,0,-41.84
482.7,0,-41.84
482.8,0,-41.84
482.9,0,-41.84
483,0,-41.84
483.1,0,-41.84
483.2,0,-41.84
483.3,0,-41.84
483.4,0,-41.84
483.5,0,-41.84
483.6,0,-41.84
483.7,0,-41.84
483.8,0,-41.84
483.9,0,-41.84
484,0,-41.84
484.1,0,-41.84
484.2,0,-41.84
484.3,0,-41.84
484.4,0,-41.84
484.5,0,-41.84
484.6,0,-41.84
484.7,0,-41.84
484.8,0,-41.84
484.9,0,-41.84
485,0,-41.84
485.1,0,-41.84
485.2,0,-41.84
485.3,0,-41.84
485.4,0,-41.84
485.5,0,-41.84
485.6,0,-41.84
485.7,0,-41.84
485.8,0,-41.84
485.9,0,-41.84
486,0,-41.84
486.1,0,-41.84
486.2,0,-41.84
486.3,0,-41.84
486.4,0,-41.84
486.5,0,-41.84
486.6,0,-41.84
486.7,0,-41.84
486.8,0,-41.84
486.9,0,-41.84
487,0,-41.84
487.1,0,-41.84
487.2,0,-41.84
487.3,0,-41.84
487.4,0,-41.84
487.5,0,-41.84
487.6,0,-41.84
487.7,0,-41.84
487.8,0,-41.84
487.9,0,-41.84
488,0,-41.84
488.1,0,-41.84
488.2,0,-41.84
488.3,0,-41.84
488.4,0,-41.84
488.5,0,-41.84
488.6,0,-41.84
488.7,0,-41.84
488.8,0,-41.84
488.9,0,-41.84
489,0,-41.84
489.1,0,-41.84
489.2,0,-41.84
489.3,0,-41.84
489.4,0,-41.84
489.5,0,-41.84
489.6,0,-41.84
489.7,0,-41.84
489.8,0,-41.84
489.9,0,-41.84
490,0,-41.84
490.1,0,-41.84
490.2,0,-41.84
490.3,0,-41.84
490.4,0,-41.84
490.5,0,-41.84
490.6,0,-41.84
490.7,0,-41.84
490.8,0,-41.84
490.9,0,-41.84
491,0,-41.84
491.1,0,-41.84
491.2,0,-41.84
491.3,0,-41.84
491.4,0,-41.84
491.5,0,-41.84
491.6,0,-41.84
491.7,0,-41.84
491.8,0,-41.84
491.9,0,-41.84
492,0,-41.84
492.1,0,-41.84
492.2,0,-41.84
492.3,0,-41.84
492.4,0,-41.84
492.5,0,-41.84
492.6,0,-41.84
492.7,0,-41.84
492.8,0,-41.84
492.9,0,-41.84
493,0,-41.84
493.1,0,-41.84
493.2,0,-41.84
493.3,0,-41.84
493.4,0,-41.84
493.5,0,-41.84
493.6,0,-41.84
493.7,0,-41.84
493.8,0,-41.84
493.9,0,-41.84
494,0,-41.84
494.1,0,-41.84
494.2,0,-41.84
494.3,0,-41.84
494.4,0,-41.84
494.5,0,-41.84
494.6,0,-41.84
494.7,0,-41.84
494.8,0,-41.84
494.9,0,-41.84
495,0,-41.84
495.1,0,-41.84
495.2,0,-41.84
495.3,0,-41.84
495.4,0,-41.84
495.5,0,-41.84
495.6,0,-41.84
495.7,0,-41.84
495.8,0,-41.84
495.9,0,-41.84
496,0,-41.84
496.1,0,-41.84
496.2,0,-41.84
496.3,0,-41.84
496.4,0,-41.84
496.5,0,-41.84
496.6,0,-41.84
496.7,0,-41.84
496.8,0,-41.84
496.9,0,-41.84
497,255,-57.26
497.1,255,-59.7
497.2,255,-63.41
497.3,255,-66.41
497.4,255,-70.33
497.5,255,-75.92
497.6,255,-84.98
497.7,255,-92.88
497.8,255,-101.22
497.9,255,-108.7
498,255,-118.54
498.1,255,-126.99
498.2,255,-137.41
498.3,255,-146.26
498.4,255,-155.92
498.5,255,-164.94
498.6,255,-171.39
498.7,255,-178.91
498.8,255,-7.31
498.9,255,-17.4
499,255,-26.46
499.1,255,-34.73
499.2,255,-40.94
499.3,255,-47.81
499.4,255,-53.78
499.5,255,-60.76
499.6,255,-67.64
499.7,255,-74.69
499.8,255,-81.08
499.9,255,-87
500,255,-94.23
500.1,255,-100.8
500.2,255,-109.06
500.3,255,-116.21
500.4,255,-126.18
500.5,255,-135
500.6,255,-144.54
500.7,255,-153.18
500.8,255,-160.09
500.9,255,-167.94
501,255,-175.99
501.1,255,-4.96
501.2,255,-12.63
501.3,255,-21.47
501.4,255,-29.8
501.5,255,-39.36
501.6,255,-49.06
501.7,255,-59.54
501.8,255,-67.52
501.9,255,-74.47
502,255,-80.5
502.1,255,-85.98
502.2,255,-93.65
502.3,255,-101.72
502.4,255,-111.21
502.5,255,-121.18
502.6,255,-132.74
502.7,255,-143.78
502.8,255,-151.97
502.9,255,-159.45
503,255,-165.27
503.1,255,-172.28
503.2,255,-179.17
503.3,255,-8.56
503.4,255,-17.04
503.5,255,-26.64
503.6,255,-35.22
503.7,255,-44.03
503.8,255,-51.31
503.9,255,-59.49
504,255,-68.56
504.1,255,-76.69
504.2,255,-83.85
504.3,255,-89.16
504.4,255,-95.56
504.5,255,-101.76
504.6,255,-107.41
504.7,255,-113.46
504.8,255,-120.81
504.9,255,-129.71
505,255,-138.36
505.1,255,-147.77
505.2,255,-155.47
505.3,255,-164.22
505.4,255,-171.58
505.5,255,-178.55
505.6,255,-3.66
505.7,255,-10.33
505.8,255,-16.47
505.9,255,-23.62
506,255,-30.53
506.1,255,-36.7
506.2,255,-43.01
506.3,255,-50.28
506.4,255,-58.02
506.5,255,-64
506.6,255,-69.17
506.7,255,-75.45
506.8,255,-83.18
506.9,255,-90.72
507,255,-97.41
507.1,255,-103.46
507.2,255,-112.57
507.3,255,-123.91
507.4,255,-134.11
507.5,255,-143.48
507.6,255,-151.19
507.7,255,-159.77
507.8,255,-166.45
507.9,255,-172.88
508,255,-179.3
508.1,255,-6.14
508.2,255,-10.9
508.3,255,-15.15
508.4,255,-19.34
508.5,255,-23.02
508.6,255,-25.74
508.7,255,-28.99
508.8,255,-35.06
508.9,255,-43.46
509,255,-53.84
509.1,255,-64.47
509.2,255,-74.7
509.3,255,-84.23
509.4,255,-94.35
509.5,255,-100.28
509.6,255,-104.17
509.7,255,-108.1
509.8,255,-114.25
509.9,255,-121.08
510,255,-130.32
510.1,255,-140.98
510.2,255,-150.15
510.3,255,-158.99
510.4,255,-166.51
510.5,255,-173.35
510.6,255,-179.23
510.7,255,-5.37
510.8,255,-12.22
510.9,255,-17.7
511,255,-24.1
511.1,255,-30.11
511.2,255,-36.15
511.3,255,-41.78
511.4,255,-47.7
511.5,255,-52.85
511.6,255,-61.27
511.7,255,-70
511.8,255,-80.21
511.9,255,-88.75
512,255,-97.71
512.1,255,-103.97
512.2,255,-108.02
512.3,255,-110.22
512.4,255,-113.51
512.5,255,-120.21
512.6,255,-128.7
512.7,255,-137.96
512.8,255,-147.19
512.9,255,-159.53
513,255,-169.14
513.1,255,-178.61
513.2,255,-6.36
513.3,255,-14.15
513.4,255,-20.47
513.5,255,-26.57
513.6,255,-32.48
513.7,255,-38.25
513.8,255,-41.84
513.9,255,-47.13
514,255,-53.18
514.1,255,-56.6
514.2,255,-60.75
514.3,255,-64.92
514.4,255,-72.27
514.5,255,-83.59
514.6,255,-94.55
514.7,255,-105.18
514.8,255,-112.77
514.9,255,-119.93
515,255,-124.25
515.1,255,-126.61
515.2,255,-127.82
515.3,255,-129.91
515.4,255,-134.89
515.5,255,-142.93
515.6,255,-153.78
515.7,255,-163.69
515.8,255,-174.36
515.9,255,-2.19
516,255,-9.89
516.1,255,-14.33
516.2,255,-20.26
516.3,255,-27.23
516.4,255,-33.52
516.5,255,-38.79
516.6,255,-43.54
516.7,255,-45.95
516.8,255,-48.73
516.9,255,-53.72
517,255,-59.46
517.1,255,-67.26
517.2,255,-76.97
517.3,255,-89.17
517.4,255,-102
517.5,255,-117.59
517.6,255,-129.65
517.7,255,-140.27
517.8,255,-146.82
517.9,255,-151.87
518,255,-157.02
518.1,255,-165.71
518.2,255,-176.21
518.3,255,-5.09
518.4,255,-12.97
518.5,255,-18.21
518.6,255,-24.7
518.7,255,-32.45
518.8,255,-41.87
518.9,255,-47.78
519,255,-50.46
519.1,255,-51.53
519.2,255,-53.38
519.3,255,-59.75
519.4,255,-67.72
519.5,255,-80.6
519.6,255,-95.84
519.7,255,-113.2
519.8,255,-126.52
519.9,255,-136.13
520,255,-142.7
520.1,255,-149.79
520.2,255,-155.66
520.3,255,-165.58
520.4,255,-178.32
520.5,255,-12.2
520.6,255,-23.51
520.7,255,-32.42
520.8,255,-39.91
520.9,255,-44.71
521,255,-47.83
521.1,255,-53.06
521.2,255,-57.7
521.3,255,-58.82
521.4,255,-62.67
521.5,255,-68.88
521.6,255,-77.4
521.7,255,-84.9
521.8,255,-93.6
521.9,255,-101.83
522,255,-112.26
522.1,255,-122.29
522.2,255,-134.97
522.3,255,-147.29
522.4,255,-158.13
522.5,255,-169.18
522.6,255,-177.02
522.7,255,-5.63
522.8,255,-12.96
522.9,255,-19.39
523,255,-26.16
523.1,255,-34.69
523.2,255,-41.37
523.3,255,-47.24
523.4,255,-53.91
523.5,255,-61.19
523.6,255,-68.73
523.7,255,-74.57
523.8,255,-81.62
523.9,255,-89.24
524,255,-95.04
524.1,255,-101.35
524.2,255,-107.51
524.3,255,-115.29
524.4,255,-121.54
524.5,255,-128.39
524.6,255,-133.13
524.7,255,-136.93
524.8,255,-141.11
524.9,255,-144.57
525,255,-149.41
525.1,255,-156.47
525.2,255,-164.29
525.3,255,-170.91
525.4,255,-178.21
525.5,255,-6.3
525.6,255,-13.69
525.7,255,-19.2
525.8,255,-28.19
525.9,255,-36.14
526,255,-46.36
526.1,255,-58.05
526.2,255,-66.83
526.3,255,-75.74
526.4,255,-85.1
526.5,255,-95.68
526.6,255,-104.64
526.7,255,-110.55
526.8,255,-114.08
526.9,255,-119.83
527,255,-125.25
527.1,255,-130.67
527.2,255,-134.67
527.3,255,-140.5
527.4,255,-148.39
527.5,255,-156.39
527.6,255,-164.1
527.7,255,-169.66
527.8,255,-174.14
527.9,255,-178.58
528,255,-4.84
528.1,255,-11.63
528.2,255,-21.03
528.3,255,-30.67
528.4,255,-41.07
528.5,255,-51.33
528.6,255,-60.38
528.7,255,-69.38
528.8,255,-76.01
528.9,255,-86.32
529,255,-98.3
529.1,255,-114.43
529.2,255,-129.77
529.3,255,-139.73
529.4,255,-145.99
529.5,255,-150.6
529.6,255,-151.63
529.7,255,-155.8
529.8,255,-164.84
529.9,255,-173.68
530,255,-1.98
530.1,255,-8.55
530.2,255,-16.82
530.3,255,-24.71
530.4,255,-32.61
530.5,255,-38.89
530.6,255,-45.13
530.7,255,-51.08
530.8,255,-57.69
530.9,255,-66.18
531,255,-73.37
531.1,255,-80.39
531.2,255,-88.17
531.3,255,-97.44
531.4,255,-107.63
531.5,255,-115.59
531.6,255,-120.83
531.7,255,-124.22
531.8,255,-128.41
531.9,255,-133.59
532,255,-138.09
532.1,255,-141.99
532.2,255,-148.1
532.3,255,-153.93
532.4,255,-158.52
532.5,255,-160.37
532.6,255,-162.11
532.7,255,-163.71
532.8,255,-166.35
532.9,255,-169.74
533,255,-174
533.1,255,-179.84
533.2,255,-7.21
533.3,255,-17.86
533.4,255,-28.27
533.5,255,-37.18
533.6,255,-44.99
533.7,255,-52.21
533.8,255,-60.49
533.9,255,-67.35
534,255,-74.01
534.1,255,-79.08
534.2,255,-84.93
534.3,255,-88.77
534.4,255,-91.09
534.5,255,-92.37
534.6,255,-93.4
534.7,255,-94.77
534.8,255,-96.57
534.9,255,-100.16
535,255,-105.15
535.1,255,-113.46
535.2,255,-122.33
535.3,255,-132.29
535.4,255,-140.21
535.5,255,-146.86
535.6,255,-150.59
535.7,255,-153.46
535.8,255,-156.63
535.9,255,-160.19
536,255,-164.9
536.1,255,-171.13
536.2,255,-176.08
536.3,255,-1.5
536.4,255,-9.76
536.5,255,-17.51
536.6,255,-25.67
536.7,255,-32.33
536.8,255,-40.41
536.9,255,-48
537,255,-59.22
537.1,255,-70.66
537.2,255,-80.46
537.3,255,-91.1
537.4,255,-98.39
537.5,255,-107.38
537.6,255,-115.09
537.7,255,-122.85
537.8,255,-127.76
537.9,255,-134.81
538,255,-142.93
538.1,255,-150.09
538.2,255,-156.92
538.3,255,-163
538.4,255,-170.47
538.5,255,-176.75
538.6,255,-4.48
538.7,255,-9.85
538.8,255,-14.81
538.9,255,-17.55
539,255,-21.31
539.1,255,-25.45
539.2,255,-33.14
539.3,255,-41.05
539.4,255,-52.08
539.5,255,-63.38
539.6,255,-73.27
539.7,255,-81.36
539.8,255,-89.14
539.9,255,-95.76
540,255,-99.66
540.1,255,-106.42
540.2,255,-117.39
540.3,255,-130.64
540.4,255,-140.11
540.5,255,-143.95
540.6,255,-145.09
540.7,255,-146.33
540.8,255,-150.39
540.9,255,-156.76
541,255,-164.5
541.1,255,-172.31
541.2,255,-0.41
541.3,255,-10.21
541.4,255,-20.91
541.5,255,-32.27
541.6,255,-41.87
541.7,255,-49.24
541.8,255,-54.59
541.9,255,-60.69
542,255,-69.45
542.1,255,-80.01
542.2,255,-88.61
542.3,255,-99.59
542.4,255,-111.25
542.5,255,-125.01
542.6,255,-137.06
542.7,255,-141.98
542.8,255,-142.88
542.9,255,-143.13
543,255,-143.43
543.1,255,-143.41
543.2,255,-143.47
543.3,255,-143.79
543.4,255,-147
543.5,255,-154.99
543.6,255,-168.12
543.7,255,-6.31
543.8,255,-20.19
543.9,255,-34.98
544,255,-48.59
544.1,255,-62.23
544.2,255,-73.41
544.3,255,-80.8
544.4,255,-88.49
544.5,255,-95.68
544.6,255,-104.5
544.7,255,-111.98
544.8,255,-119.88
544.9,255,-129.27
545,255,-141.63
545.1,255,-152.56
545.2,255,-163.72
545.3,255,-172.39
545.4,255,-0.19
545.5,255,-5.15
545.6,255,-9.18
545.7,255,-12.36
545.8,255,-13.57
545.9,255,-16.57
546,255,-21.49
546.1,255,-29.42
546.2,255,-36.06
546.3,255,-46.34
546.4,255,-56.49
546.5,255,-68.77
546.6,255,-78.78
546.7,255,-87.16
546.8,255,-94.98
546.9,255,-101.69
547,0,-101.69
547.1,0,-101.69
547.2,0,-101.69
547.3,0,-101.69
547.4,0,-101.69
547.5,0,-101.69
547.6,0,-101.69
547.7,0,-101.69
547.8,0,-101.69
547.9,0,-101.69
548,0,-101.69
548.1,0,-101.69
548.2,0,-101.69
548.3,0,-101.69
548.4,0,-101.69
548.5,0,-101.69
548.6,0,-101.69
548.7,0,-101.69
548.8,0,-101.69
548.9,0,-101.69
549,0,-101.69
549.1,0,-101.69
549.2,0,-101.69
549.3,0,-101.69
549.4,0,-101.69
549.5,0,-101.69
549.6,0,-101.69
549.7,0,-101.69
549.8,0,-101.69
549.9,0,-101.69
550,0,-101.69
550.1,0,-101.69
550.2,0,-101.69
550.3,0,-101.69
550.4,0,-101.69
550.5,0,-101.69
550.6,0,-101.69
550.7,0,-101.69
550.8,0,-101.69
550.9,0,-101.69
551,0,-101.69
551.1,0,-101.69
551.2,0,-101.69
551.3,0,-101.69
551.4,0,-101.69
551.5,0,-101.69
551.6,0,-101.69
551.7,0,-101.69
551.8,0,-101.69
551.9,0,-101.69
552,0,-101.69
552.1,0,-101.69
552.2,0,-101.69
552.3,0,-101.69
552.4,0,-101.69
552.5,0,-101.69
552.6,0,-101.69
552.7,0,-101.69
552.8,0,-101.69
552.9,0,-101.69
553,0,-101.69
553.1,0,-101.69
553.2,0,-101.69
553.3,0,-101.69
553.4,0,-101.69
553.5,0,-101.69
553.6,0,-101.69
553.7,0,-101.69
553.8,0,-101.69
553.9,0,-101.69
554,0,-101.69
554.1,0,-101.69
554.2,0,-101.69
554.3,0,-101.69
554.4,0,-101.69
554.5,0,-101.69
554.6,0,-101.69
554.7,0,-101.69
554.8,0,-101.69
554.9,0,-101.69
555,0,-101.69
555.1,0,-101.69
555.2,0,-101.69
555.3,0,-101.69
555.4,0,-101.69
555.5,0,-101.69
555.6,0,-101.69
555.7,0,-101.69
555.8,0,-101.69
555.9,0,-101.69
556,0,-101.69
556.1,0,-101.69
556.2,0,-101.69
556.3,0,-101.69
556.4,0,-101.69
556.5,0,-101.69
556.6,0,-101.69
556.7,0,-101.69
556.8,0,-101.69
556.9,0,-101.69
557,0,-101.69
557.1,0,-101.69
557.2,0,-101.69
557.3,0,-101.69
557.4,0,-101.69
557.5,0,-101.69
557.6,0,-101.69
557.7,0,-101.69
557.8,0,-101.69
557.9,0,-101.69
558,0,-101.69
558.1,0,-101.69
558.2,0,-101.69
558.3,0,-101.69
558.4,0,-101.69
558.5,0,-101.69
558.6,0,-101.69
558.7,0,-101.69
558.8,0,-101.69
558.9,0,-101.69
559,0,-101.69
559.1,0,-101.69
559.2,0,-101.69
559.3,0,-101.69
559.4,0,-101.69
559.5,0,-101.69
559.6,0,-101.69
559.7,0,-101.69
559.8,0,-101.69
559.9,0,-101.69
560,0,-101.69
560.1,0,-101.69
560.2,0,-101.69
560.3,0,-101.69
560.4,0,-101.69
560.5,0,-101.69
560.6,0,-101.69
560.7,0,-101.69
560.8,0,-101.69
560.9,0,-101.69
561,0,-101.69
561.1,0,-101.69
561.2,0,-101.69
561.3,0,-101.69
561.4,0,-101.69
561.5,0,-101.69
561.6,0,-101.69
561.7,0,-101.69
561.8,0,-101.69
561.9,0,-101.69
562,0,-101.69
562.1,0,-101.69
562.2,0,-101.69
562.3,0,-101.69
562.4,0,-101.69
562.5,0,-101.69
562.6,0,-101.69
562.7,0,-101.69
562.8,0,-101.69
562.9,0,-101.69
563,0,-101.69
563.1,0,-101.69
563.2,0,-101.69
563.3,0,-101.69
563.4,0,-101.69
563.5,0,-101.69
563.6,0,-101.69
563.7,0,-101.69
563.8,0,-101.69
563.9,0,-101.69
564,0,-101.69
564.1,0,-101.69
564.2,0,-101.69
564.3,0,-101.69
564.4,0,-101.69
564.5,0,-101.69
564.6,0,-101.69
564.7,0,-101.69
564.8,0,-101.69
564.9,0,-101.69
565,0,-101.69
565.1,0,-101.69
565.2,0,-101.69
565.3,0,-101.69
565.4,0,-101.69
565.5,0,-101.69
565.6,0,-101.69
565.7,0,-101.69
565.8,0,-101.69
565.9,0,-101.69
566,0,-101.69
566.1,0,-101.69
566.2,0,-101.69
566.3,0,-101.69
566.4,0,-101.69
566.5,0,-101.69
566.6,0,-101.69
566.7,0,-101.69
566.8,0,-101.69
566.9,0,-101.69
567,0,-101.69
567.1,0,-101.69
567.2,0,-101.69
567.3,0,-101.69
567.4,0,-101.69
567.5,0,-101.69
567.6,0,-101.69
567.7,0,-101.69
567.8,0,-101.69
567.9,0,-101.69
568,0,-101.69
568.1,0,-101.69
568.2,0,-101.69
568.3,0,-101.69
568.4,0,-101.69
568.5,0,-101.69
568.6,0,-101.69
568.7,0,-101.69
568.8,0,-101.69
568.9,0,-101.69
569,0,-101.69
569.1,0,-101.69
569.2,0,-101.69
569.3,0,-101.69
569.4,0,-101.69
569.5,0,-101.69
569.6,0,-101.69
569.7,0,-101.69
569.8,0,-101.69
569.9,0,-101.69
570,0,-101.69
570.1,0,-101.69
570.2,0,-101.69
570.3,0,-101.69
570.4,0,-101.69
570.5,0,-101.69
570.6,0,-101.69
570.7,0,-101.69
570.8,0,-101.69
570.9,0,-101.69
571,0,-101.69
571.1,0,-101.69
571.2,0,-101.69
571.3,0,-101.69
571.4,0,-101.69
571.5,0,-101.69
571.6,0,-101.69
571.7,0,-101.69
571.8,0,-101.69
571.9,0,-101.69
572,0,-101.69
572.1,0,-101.69
572.2,0,-101.69
572.3,0,-101.69
572.4,0,-101.69
572.5,0,-101.69
572.6,0,-101.69
572.7,0,-101.69
572.8,0,-101.69
572.9,0,-101.69
573,0,-101.69
573.1,0,-101.69
573.2,0,-101.69
573.3,0,-101.69
573.4,0,-101.69
573.5,0,-101.69
573.6,0,-101.69
573.7,0,-101.69
573.8,0,-101.69
573.9,0,-101.69
574,0,-101.69
574.1,0,-101.69
574.2,0,-101.69
574.3,0,-101.69
574.4,0,-101.69
574.5,0,-101.69
574.6,0,-101.69
574.7,0,-101.69
574.8,0,-101.69
574.9,0,-101.69
575,0,-101.69
575.1,0,-101.69
575.2,0,-101.69
575.3,0,-101.69
575.4,0,-101.69
575.5,0,-101.69
575.6,0,-101.69
575.7,0,-101.69
575.8,0,-101.69
575.9,0,-101.69
576,0,-101.69
576.1,0,-101.69
576.2,0,-101.69
576.3,0,-101.69
576.4,0,-101.69
576.5,0,-101.69
576.6,0,-101.69
576.7,0,-101.69
576.8,0,-101.69
576.9,0,-101.69
577,0,-101.69
577.1,0,-101.69
577.2,0,-101.69
577.3,0,-101.69
577.4,0,-101.69
577.5,0,-101.69
577.6,0,-101.69
577.7,0,-101.69
577.8,0,-101.69
577.9,0,-101.69
578,0,-101.69
578.1,0,-101.69
578.2,0,-101.69
578.3,0,-101.69
578.4,0,-101.69
578.5,0,-101.69
578.6,0,-101.69
578.7,0,-101.69
578.8,0,-101.69
578.9,0,-101.69
579,0,-101.69
579.1,0,-101.69
579.2,0,-101.69
579.3,0,-101.69
579.4,0,-101.69
579.5,0,-101.69
579.6,0,-101.69
579.7,0,-101.69
579.8,0,-101.69
579.9,0,-101.69
580,0,-101.69
580.1,0,-101.69
580.2,0,-101.69
580.3,0,-101.69
580.4,0,-101.69
580.5,0,-101.69
580.6,0,-101.69
580.7,0,-101.69
580.8,0,-101.69
580.9,0,-101.69
581,0,-101.69
581.1,0,-101.69
581.2,0,-101.69
581.3,0,-101.69
581.4,0,-101.69
581.5,0,-101.69
581.6,0,-101.69
581.7,0,-101.69
581.8,0,-101.69
581.9,0,-101.69
582,0,-101.69
582.1,0,-101.69
582.2,0,-101.69
582.3,0,-101.69
582.4,0,-101.69
582.5,0,-101.69
582.6,0,-101.69
582.7,0,-101.69
582.8,0,-101.69
582.9,0,-101.69
583,0,-101.69
583.1,0,-101.69
583.2,0,-101.69
583.3,0,-101.69
583.4,0,-101.69
583.5,0,-101.69
583.6,0,-101.69
583.7,0,-101.69
583.8,0,-101.69
583.9,0,-101.69
584,0,-101.69
584.1,0,-101.69
584.2,0,-101.69
584.3,0,-101.69
584.4,0,-101.69
584.5,0,-101.69
584.6,0,-101.69
584.7,0,-101.69
584.8,0,-101.69
584.9,0,-101.69
585,0,-101.69
585.1,0,-101.69
585.2,0,-101.69
585.3,0,-101.69
585.4,0,-101.69
585.5,0,-101.69
585.6,0,-101.69
585.7,0,-101.69
585.8,0,-101.69
585.9,0,-101.69
586,0,-101.69
586.1,0,-101.69
586.2,0,-101.69
586.3,0,-101.69
586.4,0,-101.69
586.5,0,-101.69
586.6,0,-101.69
586.7,0,-101.69
586.8,0,-101.69
586.9,0,-101.69
587,0,-101.69
587.1,0,-101.69
587.2,0,-101.69
587.3,0,-101.69
587.4,0,-101.69
587.5,0,-101.69
587.6,0,-101.69
587.7,0,-101.69
587.8,0,-101.69
587.9,0,-101.69
588,0,-101.69
588.1,0,-101.69
588.2,0,-101.69
588.3,0,-101.69
588.4,0,-101.69
588.5,0,-101.69
588.6,0,-101.69
588.7,0,-101.69
588.8,0,-101.69
588.9,0,-101.69
589,0,-101.69
589.1,0,-101.69
589.2,0,-101.69
589.3,0,-101.69
589.4,0,-101.69
589.5,0,-101.69
589.6,0,-101.69
589.7,0,-101.69
589.8,0,-101.69
589.9,0,-101.69
590,0,-101.69
590.1,0,-101.69
590.2,0,-101.69
590.3,0,-101.69
590.4,0,-101.69
590.5,0,-101.69
590.6,0,-101.69
590.7,0,-101.69
590.8,0,-101.69
590.9,0,-101.69
591,0,-101.69
591.1,0,-101.69
591.2,0,-101.69
591.3,0,-101.69
591.4,0,-101.69
591.5,0,-101.69
591.6,0,-101.69
591.7,0,-101.69
591.8,0,-101.69
591.9,0,-101.69
592,0,-101.69
592.1,0,-101.69
592.2,0,-101.69
592.3,0,-101.69
592.4,0,-101.69
592.5,0,-101.69
592.6,0,-101.69
592.7,0,-101.69
592.8,0,-101.69
592.9,0,-101.69
593,0,-101.69
593.1,0,-101.69
593.2,0,-101.69
593.3,0,-101.69
593.4,0,-101.69
593.5,0,-101.69
593.6,0,-101.69
593.7,0,-101.69
593.8,0,-101.69
593.9,0,-101.69
594,0,-101.69
594.1,0,-101.69
594.2,0,-101.69
594.3,0,-101.69
594.4,0,-101.69
594.5,0,-101.69
594.6,0,-101.69
594.7,0,-101.69
594.8,0,-101.69
594.9,0,-101.69
595,0,-101.69
595.1,0,-101.69
595.2,0,-101.69
595.3,0,-101.69
595.4,0,-101.69
595.5,0,-101.69
595.6,0,-101.69
595.7,0,-101.69
595.8,0,-101.69
595.9,0,-101.69
596,0,-101.69
596.1,0,-101.69
596.2,0,-101.69
596.3,0,-101.69
596.4,0,-101.69
596.5,0,-101.69
596.6,0,-101.69
596.7,0,-101.69
596.8,0,-101.69
596.9,0,-101.69
